model_id,cluster
AHSA1_OFF,0
AHSA1_ON,3
AKT1_OFF,0
AKT1_ON,2
AMBRA1_OFF,3
AMBRA1_ON,4
ATF4_OFF,0
ATF4_ON,1
ATG13_OFF,3
ATG13_ON,0
ATG14_OFF,0
ATG14_ON,3
ATG3_OFF,0
ATG3_ON,3
ATM_OFF,0
ATM_ON,2
Apoptosis_OFF,0
Apoptosis_ON,3
Atg16L_Atg5_Atg12_OFF,0
Atg16L_Atg5_Atg12_ON,2
Autop_digestion_OFF,0
Autop_digestion_ON,3
BAX_OFF,3
BAX_ON,2
BBC3_OFF,4
BBC3_ON,0
BCL2L11_OFF,0
BCL2L11_ON,3
BCL2_BECN1_C_OFF,0
BCL2_BECN1_C_ON,3
BCL2_OFF,3
BCL2_ON,4
BECN1_OFF,0
BECN1_ON,1
BID_OFF,0
BID_ON,3
CAMKKB_OFF,0
CAMKKB_ON,3
CASP8_OFF,0
CASP8_ON,2
CHOP_OFF,0
CHOP_ON,1
CHOP_sustained_OFF,0
CHOP_sustained_ON,3
Ca_cyto_OFF,0
Ca_cyto_ON,2
Caspase9_APAF1_C_OFF,3
Caspase9_APAF1_C_ON,3
Caspase_3_6_7_C_OFF,3
Caspase_3_6_7_C_ON,3
Cell_cycle_OFF,3
Cell_cycle_ON,0
Cyt_C_OFF,3
Cyt_C_ON,3
DAPK1_OFF,4
DAPK1_ON,2
EGFR_OFF,0
EGFR_ON,1
EIF2AK3_OFF,0
EIF2AK3_ON,1
EIF4EBP1_OFF,3
EIF4EBP1_ON,0
EIF4E_OFF,0
EIF4E_ON,3
ER_stress_OFF,0
ER_stress_ON,1
FKBP8_OFF,0
FKBP8_ON,3
FLIP_OFF,0
FLIP_ON,3
FOXO_OFF,0
FOXO_ON,3
GAB_OFF,0
GAB_ON,3
GRB2_OFF,0
GRB2_ON,1
GSK3A_OFF,3
GSK3A_ON,0
H2O2_OFF,4
H2O2_ON,0
IKBKB_OFF,0
IKBKB_ON,2
IP3R_OFF,0
IP3R_ON,2
IP3R_VDAC_OFF,0
IP3R_VDAC_ON,3
IRE1_OFF,0
IRE1_ON,2
IRS1_OFF,0
IRS1_ON,3
JIP_OFF,0
JIP_ON,3
KEAP1_OFF,0
KEAP1_ON,2
Kinesin_1_OFF,0
Kinesin_1_ON,3
MAP1LC3A_II_OFF,0
MAP1LC3A_II_ON,3
MAP2K1_OFF,4
MAP2K1_ON,2
MAP3K_OFF,4
MAP3K_ON,2
MAPK8_OFF,4
MAPK8_ON,3
MDM2_OFF,0
MDM2_ON,3
MOMP_OFF,3
MOMP_ON,2
MON1A_OFF,0
MON1A_ON,3
MTOR_C2_OFF,0
MTOR_C2_ON,0
MTOR_OFF,3
MTOR_ON,1
MYC_OFF,0
MYC_ON,3
Mito_overcharge_OFF,0
Mito_overcharge_ON,3
NEDD4_OFF,0
NEDD4_ON,2
NFE2L2_OFF,0
NFE2L2_ON,3
NFKBIA_OFF,3
NFKBIA_ON,0
NFkappaB_OFF,0
NFkappaB_ON,3
NQO1_OFF,0
NQO1_ON,4
PARK2_OFF,0
PARK2_ON,0
PDGFRA_OFF,3
PDGFRA_ON,3
PI3P_OFF,0
PI3P_ON,4
PIK3C3_OFF,0
PIK3C3_ON,1
PIK3CA_OFF,0
PIK3CA_ON,1
PINK1_OFF,0
PINK1_ON,3
PPP2R_OFF,0
PPP2R_ON,3
PRKA_OFF,1
PRKA_ON,2
PRKD1_OFF,4
PRKD1_ON,2
PTEN_OFF,2
PTEN_ON,0
RAB7A_OFF,0
RAB7A_ON,3
RAF_OFF,0
RAF_ON,2
RAS_OFF,0
RAS_ON,2
RB1CC1_OFF,3
RB1CC1_ON,0
RHEB_OFF,3
RHEB_ON,3
RHOA_OFF,2
RHOA_ON,0
ROCK_OFF,2
ROCK_ON,0
ROMO1_OFF,1
ROMO1_ON,0
RPS6KB1_OFF,0
RPS6KB1_ON,3
RPTOR_OFF,3
RPTOR_ON,3
RRAGA_OFF,3
RRAGA_ON,0
SOS_OFF,0
SOS_ON,2
SP1_OFF,4
SP1_ON,0
SP1_sustained_OFF,3
SP1_sustained_ON,0
STK11_OFF,0
STK11_ON,3
TFEB_OFF,0
TFEB_ON,3
TP53_cyto_OFF,0
TP53_cyto_ON,3
TP53_nuc_OFF,0
TP53_nuc_ON,4
TRAF6_OFF,0
TRAF6_ON,4
TSC2_OFF,3
TSC2_ON,3
Tubulin_OFF,0
Tubulin_ON,2
ULK1_OFF,2
ULK1_ON,1
UVRAG_OFF,0
UVRAG_ON,3
Ulk_C_OFF,0
Ulk_C_ON,3
WIPI_1_OFF,0
WIPI_1_ON,3
YWHAB_OFF,0
YWHAB_ON,3
mRNA_ATF4_OFF,0
mRNA_ATF4_ON,1
mRNA_BBC3_OFF,4
mRNA_BBC3_ON,0
mRNA_BCL2L11_OFF,0
mRNA_BCL2L11_ON,3
mRNA_BCL2_OFF,2
mRNA_BCL2_ON,0
mRNA_CHOP_OFF,0
mRNA_CHOP_ON,1
mRNA_ROMO1_OFF,1
mRNA_ROMO1_ON,0
mRNA_SP1_OFF,4
mRNA_SP1_ON,0
p21_OFF,0
p21_ON,2
pRB_OFF,0
pRB_ON,3
wildtype,0
