,dtw_to_wildtype,cluster
ER_stress_ON,26.377849213642687,1
BECN1_ON,21.667300473421307,1
PIK3C3_ON,20.662472678102443,1
ULK1_ON,20.179522456554384,1
EIF2AK3_ON,20.097142074039425,1
PRKA_OFF,20.040613437322293,1
MTOR_ON,19.897347606456783,1
mRNA_ATF4_ON,19.246404981576944,1
mRNA_ROMO1_OFF,19.07107723097317,1
EGFR_ON,18.67031745942757,1
ATF4_ON,18.63285507781487,1
PIK3CA_ON,18.046264500934758,1
mRNA_CHOP_ON,18.015002996868827,1
ROMO1_OFF,18.00749243861,1
GRB2_ON,17.52271206767999,1
CHOP_ON,17.510567055325104,1
H2O2_OFF,16.916794347411543,4
PI3P_ON,15.833871530798998,4
mRNA_SP1_OFF,15.770694340540809,4
SOS_ON,15.290625523270217,2
ULK1_OFF,14.94955299114021,2
RAS_ON,14.692650091803754,2
SP1_OFF,14.598908160052092,4
TP53_nuc_ON,14.417127416192187,4
PRKA_ON,14.319262970370223,2
NQO1_ON,14.128946025743257,4
Tubulin_ON,13.76529523117939,2
AKT1_ON,13.136983236596812,2
Ca_cyto_ON,12.845701920135342,2
MAP2K1_OFF,12.801854592537131,4
RHOA_OFF,12.342581851860828,2
MAP3K_OFF,12.314086554748112,4
AMBRA1_ON,12.190162985181678,4
mRNA_BBC3_OFF,12.021109135456962,4
RAF_ON,11.811487076655617,2
CASP8_ON,11.664737978238602,2
ROCK_OFF,11.366796627213255,2
NEDD4_ON,11.358092050071805,2
TRAF6_ON,11.249999200550992,4
DAPK1_OFF,11.076046196355247,4
BAX_ON,11.001897082530407,2
p21_ON,10.984223574138253,2
ATM_ON,10.95374709217591,2
IP3R_ON,10.926826409973813,2
MOMP_ON,10.81778572093496,2
IRE1_ON,10.590896372501101,2
BBC3_OFF,10.51538913935935,4
PRKD1_OFF,10.511937665125764,4
Atg16L_Atg5_Atg12_ON,10.472521943579709,2
PTEN_OFF,10.222853651074587,2
IKBKB_ON,10.220368675480682,2
MAP2K1_ON,10.202057363940177,2
MAP3K_ON,10.13131514064767,2
KEAP1_ON,10.106731069097815,2
mRNA_BCL2_OFF,10.033167658982974,2
MAPK8_OFF,9.987816761252166,4
BCL2_ON,9.497002665754948,4
DAPK1_ON,9.348455927011445,2
FOXO_ON,9.096395220396643,3
pRB_ON,9.082488929342018,3
TP53_cyto_ON,9.075341074553409,3
IP3R_VDAC_ON,9.074932033560481,3
STK11_ON,8.983383812272868,3
Cyt_C_ON,8.972252467911146,3
PRKD1_ON,8.96081476052615,2
BAX_OFF,8.821531197090284,3
ATG3_ON,8.641878962398756,3
NFE2L2_ON,8.563497719651666,3
EIF4EBP1_OFF,8.537741294477145,3
MAPK8_ON,8.41084417751402,3
Caspase9_APAF1_C_ON,8.358075985080893,3
RRAGA_OFF,8.306418639218279,3
MOMP_OFF,8.290814585379668,3
NFKBIA_OFF,8.238667211482293,3
TSC2_ON,8.012677932831508,3
IRS1_ON,7.906929603385882,3
GAB_ON,7.906929603385869,3
BCL2_OFF,7.571318364364544,3
Caspase_3_6_7_C_ON,7.551797406089637,3
mRNA_BCL2L11_ON,7.387701197156311,3
TSC2_OFF,7.150057039232374,3
RPS6KB1_ON,7.117612264196887,3
BCL2L11_ON,7.0736114232484475,3
CHOP_sustained_ON,7.03739011001207,3
EIF4E_ON,7.0227079356639095,3
BID_ON,6.988884135222951,3
NFkappaB_ON,6.796174432213381,3
Mito_overcharge_ON,6.718130874606041,3
PPP2R_ON,6.596164164617351,3
RHEB_OFF,6.528863947781909,3
BCL2_BECN1_C_ON,6.491925285747375,3
Cyt_C_OFF,6.460577480065125,3
Cell_cycle_OFF,6.445564403478035,3
RB1CC1_OFF,6.440081210943323,3
Kinesin_1_ON,6.426092793847291,3
JIP_ON,6.42609279384729,3
AHSA1_ON,6.426092793847289,3
CAMKKB_ON,6.42609279384728,3
Autop_digestion_ON,6.371686137756549,3
RAB7A_ON,6.2819330390795445,3
MAP1LC3A_II_ON,6.1916630941782635,3
UVRAG_ON,6.185624829770486,3
MON1A_ON,6.1820330346199395,3
WIPI_1_ON,6.181630191861614,3
PDGFRA_OFF,6.085993912913013,3
ATG14_ON,6.056970485571568,3
TFEB_ON,6.0485596342466525,3
YWHAB_ON,5.898903774174184,3
SP1_sustained_OFF,5.824978971493406,3
Ulk_C_ON,5.812213278246844,3
MDM2_ON,5.7994081313393675,3
FKBP8_ON,5.764808673991489,3
Caspase9_APAF1_C_OFF,5.754230811224529,3
RHEB_ON,5.716994761078637,3
PINK1_ON,5.689467700386132,3
MYC_ON,5.662629258476673,3
RPTOR_OFF,5.431434381611234,3
RPTOR_ON,5.268779042405874,3
ATG13_OFF,5.1883346782110635,3
Caspase_3_6_7_C_OFF,4.955803474399854,3
GSK3A_OFF,4.899604453196273,3
FLIP_ON,4.889602167475423,3
MTOR_OFF,4.808527420421096,3
PDGFRA_ON,4.735064146947602,3
AMBRA1_OFF,4.662348908524177,3
Apoptosis_ON,4.374952163183781,3
TRAF6_OFF,4.360871974693359,0
PINK1_OFF,4.193030135774937,0
PARK2_ON,4.182147881962991,0
IKBKB_OFF,3.87263087123454,0
PTEN_ON,3.845569897659992,0
SP1_ON,3.8162225860921115,0
BBC3_ON,3.62550391770628,0
mRNA_BBC3_ON,3.556328636715924,0
MTOR_C2_ON,3.494117272415846,0
PIK3CA_OFF,3.4624445354857083,0
mRNA_SP1_ON,3.4000171634008813,0
FKBP8_OFF,3.3711097136749886,0
MTOR_C2_OFF,3.1701981295773796,0
TFEB_OFF,3.1451789043736285,0
ROCK_ON,3.0682097951269385,0
PARK2_OFF,2.952601604461561,0
NFKBIA_ON,2.914799626937838,0
Apoptosis_OFF,2.7992833691321803,0
H2O2_ON,2.7668697343506663,0
AKT1_OFF,2.4878128466807974,0
EIF4EBP1_ON,2.484686952656014,0
NFkappaB_OFF,2.348084309237445,0
RHOA_ON,2.3280067160265894,0
GSK3A_ON,2.292139251799022,0
SP1_sustained_ON,2.2305970086848768,0
ROMO1_ON,2.0675316722881982,0
EIF4E_OFF,1.9810747104208493,0
RPS6KB1_OFF,1.8798210020190833,0
FLIP_OFF,1.681492233432862,0
ATG13_ON,1.581617523614944,0
Ulk_C_OFF,1.364924244603747,0
mRNA_ROMO1_ON,1.2925134324945533,0
NEDD4_OFF,1.265592266221985,0
YWHAB_OFF,1.1479096832473896,0
MDM2_OFF,1.106205961528461,0
BECN1_OFF,1.0806743774745895,0
RRAGA_ON,1.0434902120159506,0
mRNA_BCL2_ON,1.0131624252862843,0
ATG14_OFF,0.9791053953227589,0
MYC_OFF,0.9018409347734397,0
PIK3C3_OFF,0.8684242718175967,0
RB1CC1_ON,0.850316677108549,0
Cell_cycle_ON,0.8420963461231583,0
PI3P_OFF,0.757938159614079,0
Atg16L_Atg5_Atg12_OFF,0.5689234020683038,0
ATG3_OFF,0.49082852494422075,0
UVRAG_OFF,0.4215973503298545,0
WIPI_1_OFF,0.41563677052212283,0
MON1A_OFF,0.39760058160942385,0
MAP1LC3A_II_OFF,0.39493726270018314,0
RAB7A_OFF,0.2848759435088316,0
BCL2_BECN1_C_OFF,0.13946856213521117,0
Autop_digestion_OFF,0.13212085844071444,0
mRNA_CHOP_OFF,1.4600096599955427e-07,0
GRB2_OFF,1.4600096599955427e-07,0
NQO1_OFF,1.4600096599955427e-07,0
IP3R_OFF,1.4600096599955427e-07,0
mRNA_BCL2L11_OFF,1.4600096599955427e-07,0
NFE2L2_OFF,1.4600096599955427e-07,0
IP3R_VDAC_OFF,1.4600096599955427e-07,0
IRE1_OFF,1.4600096599955427e-07,0
STK11_OFF,1.4600096599955427e-07,0
GAB_OFF,1.4600096599955427e-07,0
Mito_overcharge_OFF,1.4600096599955427e-07,0
ATF4_OFF,1.4600096599955427e-07,0
IRS1_OFF,1.4600096599955427e-07,0
JIP_OFF,1.4600096599955427e-07,0
KEAP1_OFF,1.4600096599955427e-07,0
p21_OFF,1.4600096599955427e-07,0
Kinesin_1_OFF,1.4600096599955427e-07,0
pRB_OFF,1.4600096599955427e-07,0
mRNA_ATF4_OFF,1.4600096599955427e-07,0
FOXO_OFF,1.4600096599955427e-07,0
PPP2R_OFF,1.4600096599955427e-07,0
CHOP_sustained_OFF,1.4600096599955427e-07,0
CAMKKB_OFF,1.4600096599955427e-07,0
CASP8_OFF,1.4600096599955427e-07,0
TP53_cyto_OFF,1.4600096599955427e-07,0
SOS_OFF,1.4600096599955427e-07,0
TP53_nuc_OFF,1.4600096599955427e-07,0
CHOP_OFF,1.4600096599955427e-07,0
BCL2L11_OFF,1.4600096599955427e-07,0
Tubulin_OFF,1.4600096599955427e-07,0
BID_OFF,1.4600096599955427e-07,0
Ca_cyto_OFF,1.4600096599955427e-07,0
EGFR_OFF,1.4600096599955427e-07,0
EIF2AK3_OFF,1.4600096599955427e-07,0
RAS_OFF,1.4600096599955427e-07,0
ATM_OFF,1.4600096599955427e-07,0
RAF_OFF,1.4600096599955427e-07,0
ER_stress_OFF,1.4600096599955427e-07,0
AHSA1_OFF,1.4600096599955427e-07,0
