mutation,node,mutation_type,self,silent,autophagy_class,autophagy_amplitude,pattern,Apoptosis_late,Apoptosis_auc,Apoptosis_t_half,Proliferation_late,Proliferation_auc,Autop_digestion_peak,Autop_digestion_t_peak,Autop_digestion_auc,Autop_digestion_late,Autop_digestion_persistence,Apoptosis_effect,Proliferation_effect,Autop_digestion_effect,Apoptosis_auc_delta,Apoptosis_t_half_delta,Autop_digestion_peak_lfc,Apoptosis_call,Proliferation_call,Autop_digestion_call
wildtype,,,,,,,,0.5627939090909068,14.66546899999994,14.0,0.19587472727272773,8.27060300000002,0.019116666666666633,17.0,0.34607699999999897,0.008477727272727227,0.443473091860187,,,,,,,,,
AHSA1_OFF,AHSA1,OFF,False,True,transient,ns,Apo· Pro· Aut·,0.5627939090909068,14.66546899999994,14.0,0.19587472727272773,8.27060300000002,0.019116666666666633,17.0,0.34607699999999897,0.008477727272727227,0.443473091860187,0.0,0.0,0.0,0.0,0.0,0.0,ns,ns,ns
AHSA1_ON,AHSA1,ON,False,False,transient,ns,Apo· Pro· Aut·,0.5724714545454511,15.119377999999926,14.0,0.20092472727272775,8.306132500000022,0.020010666666666666,17.0,0.4282974999999988,0.0124903636363636,0.6241852830005797,0.009677545454544356,0.005050000000000027,0.2785367259587983,0.453908999999987,0.0,0.06273066906904588,ns,ns,ns
AKT1_OFF,AKT1,OFF,False,False,transient,ns,Apo· Pro· Aut·,0.558175727272724,14.577021499999928,14.0,0.19503600000000046,7.598806000000017,0.026980666666666635,15.0,0.48679399999999884,0.010790727272727228,0.3999429445551348,-0.004618181818182743,-0.0008387272727272688,0.44835030360409106,-0.08844750000001156,0.0,0.4760390662691149,ns,ns,ns
AKT1_ON,AKT1,ON,False,False,abolished,down,Apo↑ Pro↑ Aut↓,0.6161618181818163,16.00659899999995,14.0,0.38231436363636323,13.975704499999976,0.0002666666666666,,0.0007999999999998,0.0,,0.05336790909090949,0.1864396363636355,-3.2422475529809685,1.3411300000000121,0.0,-3.9892824473115094,up,up,down
AMBRA1_OFF,AMBRA1,OFF,False,False,abolished,down,Apo· Pro· Aut↓,0.5765914545454524,15.069004499999942,14.0,0.21854336363636395,9.170778000000016,0.0,,0.0,0.0,,0.01379754545454559,0.022668636363636224,-3.270816705177732,0.40353550000000205,0.0,-4.330319365146501,ns,ns,down
AMBRA1_ON,AMBRA1,ON,False,False,transient,up,Apo· Pro· Aut↑,0.5561646363636334,14.498234999999937,14.0,0.20588563636363685,7.9988505000000165,0.0925146666666667,17.0,1.9358800000000005,0.049538545454545474,0.5354669398856987,-0.0066292727272733165,0.010010909090909126,2.355534815799997,-0.16723400000000233,0.0,2.216801382098026,ns,ns,up
ATF4_OFF,ATF4,OFF,False,True,transient,ns,Apo· Pro· Aut·,0.5627939090909068,14.66546899999994,14.0,0.19587472727272773,8.27060300000002,0.019116666666666633,17.0,0.34607699999999897,0.008477727272727227,0.443473091860187,0.0,0.0,0.0,0.0,0.0,0.0,ns,ns,ns
ATF4_ON,ATF4,ON,False,False,abolished,down,Apo↑ Pro· Aut↓,1.000003454545452,30.54503699999989,10.0,0.21598627272727303,8.743847000000015,0.0031213333333333,,0.020234999999999698,0.0,,0.43720954545454516,0.0201115454545453,-2.680214685742019,15.879567999999951,-4.0,-2.287208211671532,up,ns,down
ATG13_OFF,ATG13,OFF,False,False,abolished,down,Apo· Pro· Aut↓,0.5522445454545433,14.889331999999945,13.0,0.2061324545454549,8.539127500000015,0.0,,0.0,0.0,,-0.010549363636363496,0.010257727272727168,-3.270816705177732,0.22386300000000503,-1.0,-4.330319365146501,ns,ns,down
ATG13_ON,ATG13,ON,False,False,transient,ns,Apo· Pro· Aut·,0.5602275454545436,15.00085449999993,14.0,0.19917136363636417,8.27914850000002,0.022449999999999967,17.0,0.4235914999999987,0.012791545454545429,0.5697793075521358,-0.0025663636363632003,0.003296636363636446,0.2639655043278075,0.33538549999999034,0.0,0.22119665248151157,ns,ns,ns
ATG14_OFF,ATG14,OFF,False,False,abolished,down,Apo· Pro· Aut↓,0.5708499999999979,14.785610499999937,14.0,0.19807018181818226,8.239231000000022,0.0,,0.0,0.0,,0.008056090909091096,0.0021954545454545282,-3.270816705177732,0.12014149999999724,0.0,-4.330319365146501,ns,ns,down
ATG14_ON,ATG14,ON,False,False,transient,ns,Apo· Pro· Aut·,0.5724182727272692,15.02924849999993,14.0,0.1949126363636368,8.336990000000021,0.030032666666666666,18.0,0.6080944999999989,0.013870818181818153,0.46185769434898066,0.009624363636362432,-0.0009620909090909402,0.7473155805066569,0.3637794999999908,0.0,0.6253964040962066,ns,ns,ns
ATG3_OFF,ATG3,OFF,False,False,abolished,down,Apo· Pro· Aut↓,0.5633106363636338,14.775440999999937,14.0,0.19646981818181855,8.359895500000016,0.0,,0.0,0.0,,0.0005167272727270023,0.000595090909090823,-3.270816705177732,0.1099719999999973,0.0,-4.330319365146501,ns,ns,down
ATG3_ON,ATG3,ON,False,False,transient,ns,Apo· Pro· Aut·,0.5606974545454527,14.882071499999949,14.0,0.20327727272727325,8.559837000000021,0.030407666666666666,14.0,0.5694329999999993,0.0122901818181818,0.4041803651989674,-0.0020964545454540406,0.007402545454545523,0.6585790118990174,0.21660250000000936,0.0,0.6427254962433302,ns,ns,ns
ATM_OFF,ATM,OFF,False,True,transient,ns,Apo· Pro· Aut·,0.5627939090909068,14.66546899999994,14.0,0.19587472727272773,8.27060300000002,0.019116666666666633,17.0,0.34607699999999897,0.008477727272727227,0.443473091860187,0.0,0.0,0.0,0.0,0.0,0.0,ns,ns,ns
ATM_ON,ATM,ON,False,False,transient,ns,Apo· Pro· Aut·,0.5708293636363609,14.862079999999935,14.0,0.1922368181818185,8.52588900000002,0.0192023333333333,15.0,0.38935649999999883,0.010007818181818144,0.5211771927969602,0.00803545454545418,-0.0036379090909092193,0.15328742251488825,0.19661099999999543,0.0,0.006130661035806386,ns,ns,ns
Apoptosis_OFF,Apoptosis,OFF,True,False,transient,ns,Apo↓ Pro· Aut·,0.0,0.0,,0.20248300000000038,8.25284600000002,0.017987666666666634,16.0,0.3503739999999986,0.008538818181818127,0.4747040480598637,-0.5627939090909068,0.006608272727272657,0.015968358286209607,-14.66546899999994,,-0.08332864203641956,down,ns,ns
Apoptosis_ON,Apoptosis,ON,True,False,transient,ns,Apo↑ Pro· Aut·,0.9999749090908988,39.99941399999953,0.0,0.20219445454545493,8.401820000000022,0.019956333333333333,17.0,0.358952999999999,0.008664636363636354,0.4341797773623922,0.43718099999999205,0.006319727272727199,0.04733018462626699,25.333944999999595,-14.0,0.05899504468077811,up,ns,ns
Atg16L_Atg5_Atg12_OFF,Atg16L_Atg5_Atg12,OFF,False,False,abolished,down,Apo· Pro· Aut↓,0.5587822727272703,14.654657499999939,14.0,0.19738927272727314,8.323929000000021,0.0,,0.0,0.0,,-0.004011636363636439,0.0015145454545454073,-3.270816705177732,-0.010811500000000862,0.0,-4.330319365146501,ns,ns,down
Atg16L_Atg5_Atg12_ON,Atg16L_Atg5_Atg12,ON,False,False,transient,ns,Apo· Pro· Aut·,0.5611067272727246,14.921940499999938,14.0,0.20082936363636417,8.342343000000021,0.02721966666666663,20.0,0.6456349999999987,0.014992909090909062,0.55081163463583,-0.0016871818181821707,0.004954636363636439,0.8285521471145367,0.2564714999999982,0.0,0.4883096765283702,ns,ns,ns
Autop_digestion_OFF,Autop_digestion,OFF,True,False,abolished,down,Apo· Pro· Aut↓,0.5593932727272701,14.578781499999938,14.0,0.19822581818181864,8.312957000000019,0.0,,0.0,0.0,,-0.0034006363636366332,0.0023510909090909138,-3.270816705177732,-0.0866875000000018,0.0,-4.330319365146501,ns,ns,down
Autop_digestion_ON,Autop_digestion,ON,True,False,sustained,up,Apo· Pro· Aut↑,0.5724253636363607,15.10792549999993,14.0,0.20046227272727324,8.317687500000025,1.0000263333333255,35.0,39.99964199999953,1.0000063636363536,0.999980030828883,0.009631454545453888,0.004587545454545511,6.696396654379183,0.4424564999999898,0.0,5.636944846206668,ns,ns,up
BAX_OFF,BAX,OFF,False,False,sustained,up,Apo↓ Pro· Aut↑,0.0,0.0,,0.20267054545454585,8.28096100000002,0.040233,31.0,0.8445984999999991,0.03641799999999998,0.9051773419829489,-0.5627939090909068,0.006795818181818125,1.196134185592593,-14.66546899999994,,1.0354081613202,down,ns,up
BAX_ON,BAX,ON,False,False,abolished,down,Apo↑ Pro· Aut↓,0.9999980909090872,35.53391199999986,5.0,0.2056304545454547,8.828685000000009,0.002685,,0.016318999999999702,0.0,,0.43720418181818044,0.009755727272726972,-2.7771949874640542,20.86844299999992,-9.0,-2.448654745826156,up,ns,down
BBC3_OFF,BBC3,OFF,False,False,sustained,ns,Apo↓ Pro· Aut↑,0.0,0.0,,0.2008211818181822,8.343336000000024,0.032301,40.0,0.7637634999999985,0.03035572727272725,0.9397767026632998,-0.5627939090909068,0.004946454545454476,1.057882453838534,-14.66546899999994,,0.7271742305623015,down,ns,up
BBC3_ON,BBC3,ON,False,False,transient,ns,Apo· Pro· Aut·,0.5560181818181789,17.956004499999924,5.0,0.20139281818181856,8.602121500000024,0.014165999999999965,20.0,0.2547459999999988,0.00757063636363631,0.5344230102806952,-0.006775727272727905,0.005518090909090834,-0.3894163757768429,3.2905354999999847,-9.0,-0.4075506422293772,ns,ns,ns
BCL2L11_OFF,BCL2L11,OFF,False,True,transient,ns,Apo· Pro· Aut·,0.5627939090909068,14.66546899999994,14.0,0.19587472727272773,8.27060300000002,0.019116666666666633,17.0,0.34607699999999897,0.008477727272727227,0.443473091860187,0.0,0.0,0.0,0.0,0.0,0.0,ns,ns,ns
BCL2L11_ON,BCL2L11,ON,False,False,abolished,down,Apo· Pro· Aut↓,0.5604391818181794,18.09306649999992,5.0,0.20581681818181863,8.55253900000002,0.0,,0.0,0.0,,-0.0023547272727273416,0.0099420909090909,-3.270816705177732,3.4275974999999814,-9.0,-4.330319365146501,ns,ns,down
BCL2_BECN1_C_OFF,BCL2_BECN1_C,OFF,False,False,transient,ns,Apo· Pro· Aut·,0.5588929090909066,14.614587999999936,14.0,0.198427454545455,8.323625500000023,0.018043999999999966,17.0,0.3630754999999988,0.00935445454545452,0.518424658914572,-0.0039010000000001543,0.002552727272727262,0.06216148472522982,-0.05088100000000395,0.0,-0.07905473625225191,ns,ns,ns
BCL2_BECN1_C_ON,BCL2_BECN1_C,ON,False,False,abolished,down,Apo· Pro· Aut↓,0.5740600909090884,15.170315499999937,14.0,0.20729154545454576,8.38456300000002,0.0,,0.0,0.0,,0.01126618181818162,0.011416818181818028,-3.270816705177732,0.5048464999999975,0.0,-4.330319365146501,ns,ns,down
BCL2_OFF,BCL2,OFF,False,False,terminated,ns,Apo↑ Pro· Aut·,0.9996569090909072,27.311538999999925,13.0,0.2062478181818184,8.510283000000017,0.015676333333333268,14.0,0.19331699999999902,0.00013781818181818185,0.008791480691797556,0.43686300000000045,0.010373090909090665,-0.7265971811415582,12.646069999999986,-1.0,-0.2705891555367396,up,ns,ns
BCL2_ON,BCL2,ON,False,False,sustained,ns,Apo↓ Pro· Aut↑,0.0,0.0,,0.1971806363636367,8.357883500000018,0.033394499999999994,40.0,0.7644459999999986,0.028687363636363625,0.8590445623190535,-0.5627939090909068,0.0013059090909089688,1.0591069702022526,-14.66546899999994,,0.7737866127752988,down,ns,up
BECN1_OFF,BECN1,OFF,False,False,abolished,down,Apo· Pro· Aut↓,0.554693818181816,14.709833499999935,14.0,0.2017015454545459,8.389566000000016,0.0,,0.0,0.0,,-0.008100090909090807,0.005826818181818183,-3.270816705177732,0.04436449999999503,0.0,-4.330319365146501,ns,ns,down
BECN1_ON,BECN1,ON,False,False,sustained,up,Apo↓ Pro· Aut↑,0.3219387272727268,8.86787749999999,13.0,0.19569527272727313,8.376963500000025,1.0000036666666563,33.0,31.023432999999635,0.9999808181818068,0.999977151598928,-0.24085518181817994,-0.00017945454545459372,6.330184858610244,-5.79759149999995,-1.0,5.636912178277019,down,ns,up
BID_OFF,BID,OFF,False,True,transient,ns,Apo· Pro· Aut·,0.5627939090909068,14.66546899999994,14.0,0.19587472727272773,8.27060300000002,0.019116666666666633,17.0,0.34607699999999897,0.008477727272727227,0.443473091860187,0.0,0.0,0.0,0.0,0.0,0.0,ns,ns,ns
BID_ON,BID,ON,False,False,transient,ns,Apo· Pro· Aut·,0.5544243636363609,17.920936999999917,5.0,0.20587190909090955,8.430712000000018,0.014481333333333332,35.0,0.28917849999999906,0.00964836363636361,0.6662621054481823,-0.008369545454545824,0.009997181818181822,-0.2300184997930218,3.2554679999999774,-9.0,-0.3778615409893139,ns,ns,ns
CAMKKB_OFF,CAMKKB,OFF,False,True,transient,ns,Apo· Pro· Aut·,0.5627939090909068,14.66546899999994,14.0,0.19587472727272773,8.27060300000002,0.019116666666666633,17.0,0.34607699999999897,0.008477727272727227,0.443473091860187,0.0,0.0,0.0,0.0,0.0,0.0,ns,ns,ns
CAMKKB_ON,CAMKKB,ON,False,False,transient,ns,Apo· Pro· Aut·,0.5724714545454513,15.119377999999926,14.0,0.20092472727272773,8.30613250000002,0.020010666666666666,17.0,0.4282974999999989,0.012490363636363607,0.6241852830005801,0.009677545454544578,0.005049999999999999,0.2785367259587985,0.453908999999987,0.0,0.06273066906904588,ns,ns,ns
CASP8_OFF,CASP8,OFF,False,True,transient,ns,Apo· Pro· Aut·,0.5627939090909068,14.66546899999994,14.0,0.19587472727272773,8.27060300000002,0.019116666666666633,17.0,0.34607699999999897,0.008477727272727227,0.443473091860187,0.0,0.0,0.0,0.0,0.0,0.0,ns,ns,ns
CASP8_ON,CASP8,ON,False,False,abolished,down,Apo↑ Pro· Aut↓,0.9999867272727212,38.44226649999975,2.0,0.20638672727272764,8.846732000000017,0.0,,0.0,0.0,,0.43719281818181444,0.01051199999999991,-3.270816705177732,23.77679749999981,-12.0,-4.330319365146501,up,ns,down
CHOP_OFF,CHOP,OFF,False,True,transient,ns,Apo· Pro· Aut·,0.5627939090909068,14.66546899999994,14.0,0.19587472727272773,8.27060300000002,0.019116666666666633,17.0,0.34607699999999897,0.008477727272727227,0.443473091860187,0.0,0.0,0.0,0.0,0.0,0.0,ns,ns,ns
CHOP_ON,CHOP,ON,False,False,abolished,down,Apo↑ Pro· Aut↓,1.0000009999999977,32.99693549999988,7.0,0.20792218181818198,8.682737500000012,0.0008706666666665999,,0.005022999999999799,0.0,,0.43720709090909093,0.01204745454545425,-3.1001545146468064,18.33146649999994,-7.0,-3.426766856909896,up,ns,down
CHOP_sustained_OFF,CHOP_sustained,OFF,False,True,transient,ns,Apo· Pro· Aut·,0.5627939090909068,14.66546899999994,14.0,0.19587472727272773,8.27060300000002,0.019116666666666633,17.0,0.34607699999999897,0.008477727272727227,0.443473091860187,0.0,0.0,0.0,0.0,0.0,0.0,ns,ns,ns
CHOP_sustained_ON,CHOP_sustained,ON,False,False,transient,ns,Apo· Pro· Aut·,0.5637137272727245,16.68286249999993,11.0,0.20729800000000037,8.54685950000002,0.015116999999999966,20.0,0.2850099999999985,0.006694545454545419,0.4428488095882407,0.0009198181818177442,0.011423272727272643,-0.24840450221556049,2.017393499999992,-3.0,-0.31980804301299376,ns,ns,ns
Ca_cyto_OFF,Ca_cyto,OFF,False,True,transient,ns,Apo· Pro· Aut·,0.5627939090909068,14.66546899999994,14.0,0.19587472727272773,8.27060300000002,0.019116666666666633,17.0,0.34607699999999897,0.008477727272727227,0.443473091860187,0.0,0.0,0.0,0.0,0.0,0.0,ns,ns,ns
Ca_cyto_ON,Ca_cyto,ON,False,False,terminated,ns,Apo↑ Pro· Aut·,0.9995814545454532,27.07724649999995,13.0,0.2087410909090911,8.62386650000001,0.014144999999999968,14.0,0.17437899999999903,0.00021745454545454544,0.015373244641537357,0.43678754545454646,0.01286636363636337,-0.8487250201649218,12.411777500000012,-1.0,-0.40954969212585596,up,ns,ns
Caspase9_APAF1_C_OFF,Caspase9_APAF1_C,OFF,False,False,sustained,ns,Apo↓ Pro· Aut↑,0.0,0.0,,0.20793872727272794,8.452156000000024,0.038358333333333335,35.0,0.7781939999999989,0.0329151818181818,0.858097288329745,-0.5627939090909068,0.012064000000000213,1.0835543473682638,-14.66546899999994,,0.9682778593955461,down,ns,up
Caspase9_APAF1_C_ON,Caspase9_APAF1_C,ON,False,False,abolished,down,Apo↑ Pro· Aut↓,0.9999928181818134,38.42307999999973,2.0,0.20878909090909123,9.13072150000001,0.0,,0.0,0.0,,0.43719890909090664,0.012914363636363502,-3.270816705177732,23.75761099999979,-12.0,-4.330319365146501,up,ns,down
Caspase_3_6_7_C_OFF,Caspase_3_6_7_C,OFF,False,False,sustained,ns,Apo↓ Pro· Aut↑,0.0,0.0,,0.2012327272727278,8.270067000000019,0.03492,30.0,0.8039849999999988,0.03305745454545452,0.9466625013016758,-0.5627939090909068,0.005358000000000085,1.1283287480995317,-14.66546899999994,,0.8363960798199218,down,ns,up
Caspase_3_6_7_C_ON,Caspase_3_6_7_C,ON,False,False,abolished,down,Apo↑ Pro· Aut↓,0.9999857272727222,39.31155999999972,1.0,0.2067620909090909,8.976993500000011,0.0,,0.0,0.0,,0.4371918181818154,0.010887363636363168,-3.270816705177732,24.646090999999785,-13.0,-4.330319365146501,up,ns,down
Cell_cycle_OFF,Cell_cycle,OFF,False,False,transient,ns,Apo· Pro↓ Aut·,0.5607472727272705,15.125778999999946,14.0,0.0,0.0,0.016448,19.0,0.3740939999999987,0.009077727272727255,0.5519046250442153,-0.002046636363636223,-0.19587472727272773,0.1010696886913683,0.4603100000000069,0.0,-0.20532959516783697,ns,down,ns
Cell_cycle_ON,Cell_cycle,ON,False,False,transient,ns,Apo· Pro· Aut·,0.5550784545454513,14.872749999999925,14.0,0.20042654545454608,8.699222000000024,0.0185996666666666,18.0,0.3452229999999982,0.0066000909090908645,0.35484995658116925,-0.0077154545454554135,0.004551818181818351,-0.003194767453386018,0.20728099999998584,0.0,-0.037562151757245164,ns,ns,ns
Cyt_C_OFF,Cyt_C,OFF,False,False,sustained,ns,Apo↓ Pro· Aut↑,0.0,0.0,,0.19516345454545506,8.221308500000019,0.035616666666666665,39.0,0.7719309999999986,0.03202745454545453,0.8992266133492148,-0.5627939090909068,-0.0007112727272726715,1.0724685183669531,-14.66546899999994,,0.8641091936682573,down,ns,up
Cyt_C_ON,Cyt_C,ON,False,False,abolished,down,Apo↑ Pro· Aut↓,0.9999997272727225,37.47193399999974,3.0,0.2104187272727276,9.084340000000015,0.0018053333333333,,0.0098179999999997,0.0,,0.4372058181818157,0.014543999999999863,-2.95414960106185,22.806464999999804,-11.0,-2.8421471612374583,up,ns,down
DAPK1_OFF,DAPK1,OFF,False,False,sustained,ns,Apo↓ Pro· Aut↑,0.0,0.048188999999999316,,0.2010601818181821,8.330618000000014,0.03499599999999994,37.0,0.8099269999999987,0.033002818181818154,0.9430454389592586,-0.5627939090909068,0.005185454545454382,1.138450323594475,-14.61727999999994,,0.839445327940637,down,ns,up
DAPK1_ON,DAPK1,ON,False,False,terminated,ns,Apo↑ Pro· Aut·,0.9992931818181806,27.271579499999934,13.0,0.21257918181818186,8.548072000000008,0.017131666666666632,15.0,0.1896159999999993,0.00016827272727272727,0.009822320883708198,0.43649927272727385,0.016704454545454134,-0.7496654355398327,12.606110499999994,-1.0,-0.14987972624597612,up,ns,ns
EGFR_OFF,EGFR,OFF,False,True,transient,ns,Apo· Pro· Aut·,0.5627939090909068,14.66546899999994,14.0,0.19587472727272773,8.27060300000002,0.019116666666666633,17.0,0.34607699999999897,0.008477727272727227,0.443473091860187,0.0,0.0,0.0,0.0,0.0,0.0,ns,ns,ns
EGFR_ON,EGFR,ON,False,False,terminated,ns,Apo↑ Pro↑ Aut·,0.9989006363636354,25.304766499999978,15.0,0.252247090909091,10.065803500000008,0.0136173333333333,15.0,0.17311099999999865,0.00028054545454544544,0.020602084687073786,0.4361067272727286,0.05637236363636325,-0.857283548676677,10.639297500000039,1.0,-0.460711128440679,up,up,ns
EIF2AK3_OFF,EIF2AK3,OFF,False,True,transient,ns,Apo· Pro· Aut·,0.5627939090909068,14.66546899999994,14.0,0.19587472727272773,8.27060300000002,0.019116666666666633,17.0,0.34607699999999897,0.008477727272727227,0.443473091860187,0.0,0.0,0.0,0.0,0.0,0.0,ns,ns,ns
EIF2AK3_ON,EIF2AK3,ON,False,False,abolished,down,Apo↑ Pro· Aut↓,0.9999769999999962,28.6160279999999,12.0,0.19975600000000024,8.535491500000017,0.004521333333333267,,0.034102999999999405,0.0,,0.43718309090908947,0.003881272727272511,-2.3812847551228566,13.950558999999961,-2.0,-1.8653026631598828,up,ns,down
EIF4EBP1_OFF,EIF4EBP1,OFF,False,False,transient,ns,Apo· Pro↑ Aut·,0.5691832727272705,15.07037599999995,14.0,0.9999812727272647,37.99840849999961,0.017882333333333302,16.0,0.3349734999999985,0.008819090909090863,0.49317338765024393,0.006389363636363776,0.804106545454537,-0.042099968733832656,0.40490700000001034,0.0,-0.09135421740100848,ns,up,ns
EIF4EBP1_ON,EIF4EBP1,ON,False,False,transient,ns,Apo· Pro↓ Aut·,0.5585259999999976,14.768793999999954,14.0,0.0,0.0,0.021079999999999998,18.0,0.3897384999999987,0.010224999999999965,0.4850569259962033,-0.004267909090909128,-0.19587472727272773,0.15457042274638924,0.1033250000000141,0.0,0.13434890185694365,ns,down,ns
EIF4E_OFF,EIF4E,OFF,False,False,transient,ns,Apo· Pro↓ Aut·,0.5582884545454528,14.767711499999942,14.0,0.0,0.0,0.018534999999999965,18.0,0.39660149999999883,0.010079999999999945,0.5438359859724825,-0.004505454545453924,-0.19587472727272773,0.17742847660920474,0.10224250000000268,0.0,-0.04233001473755482,ns,down,ns
EIF4E_ON,EIF4E,ON,False,False,transient,ns,Apo· Pro↑ Aut·,0.5550155454545428,15.12390699999994,14.0,0.9999898181818101,38.46522999999962,0.021574999999999966,17.0,0.3789419999999991,0.01017418181818179,0.4715727378068045,-0.007778363636363972,0.8041150909090824,0.11786191500813127,0.458438000000001,0.0,0.16633471744699313,ns,up,ns
ER_stress_OFF,ER_stress,OFF,False,True,transient,ns,Apo· Pro· Aut·,0.5627939090909068,14.66546899999994,14.0,0.19587472727272773,8.27060300000002,0.019116666666666633,17.0,0.34607699999999897,0.008477727272727227,0.443473091860187,0.0,0.0,0.0,0.0,0.0,0.0,ns,ns,ns
ER_stress_ON,ER_stress,ON,False,False,abolished,down,Apo↑ Pro· Aut↓,0.9999932727272707,29.00126549999992,11.0,0.20504872727272747,8.743614000000013,0.004547999999999966,,0.035572999999999806,0.0,,0.4371993636363639,0.009173999999999738,-2.352945810990802,14.335796499999981,-3.0,-1.8583515774849937,up,ns,down
FKBP8_OFF,FKBP8,OFF,False,False,transient,ns,Apo· Pro↑ Aut·,0.5604805454545428,15.312735999999923,14.0,0.25464218181818227,9.985125500000017,0.016554666666666603,14.0,0.3023769999999989,0.007257454545454519,0.4383932755388942,-0.0023133636363639187,0.05876745454545454,-0.1733028218119909,0.6472669999999834,0.0,-0.19653666811126178,ns,up,ns
FKBP8_ON,FKBP8,ON,False,False,transient,ns,Apo↓ Pro↓ Aut·,0.4998900909090899,13.240194999999973,14.0,0.0,0.7590985000000012,0.0260373333333333,16.0,0.5704164999999992,0.016664636363636343,0.6400285371122119,-0.06290381818181684,-0.19587472727272773,0.6609053495007572,-1.4252739999999662,0.0,0.4265615967273898,down,down,ns
FLIP_OFF,FLIP,OFF,False,False,transient,ns,Apo· Pro· Aut·,0.5634519999999971,15.05767949999992,14.0,0.20382545454545503,8.339237000000018,0.014888666666666599,17.0,0.3232579999999989,0.00858227272727269,0.5764299060094521,0.0006580909090903031,0.007950727272727304,-0.08789403973236332,0.39221049999998137,0.0,-0.34039320750455215,ns,ns,ns
FLIP_ON,FLIP,ON,False,False,transient,ns,Apo· Pro· Aut·,0.5598982727272707,14.933272999999943,14.0,0.20419145454545495,8.466571500000024,0.0181633333333333,16.0,0.36969899999999845,0.010175181818181762,0.5602045412836364,-0.0028956363636361004,0.008316727272727226,0.08567576117855445,0.2678040000000035,0.0,-0.07004274022888031,ns,ns,ns
FOXO_OFF,FOXO,OFF,False,True,transient,ns,Apo· Pro· Aut·,0.5627939090909068,14.66546899999994,14.0,0.19587472727272773,8.27060300000002,0.019116666666666633,17.0,0.34607699999999897,0.008477727272727227,0.443473091860187,0.0,0.0,0.0,0.0,0.0,0.0,ns,ns,ns
FOXO_ON,FOXO,ON,False,False,transient,ns,Apo· Pro· Aut·,0.5742774545454515,15.07284649999993,14.0,0.20478809090909153,8.123989000000025,0.025385,18.0,0.4615204999999986,0.010181090909090874,0.4010672014611335,0.011483545454544775,0.008913363636363802,0.37742006291772107,0.4073774999999902,0.0,0.39132671327189217,ns,ns,ns
GAB_OFF,GAB,OFF,False,True,transient,ns,Apo· Pro· Aut·,0.5627939090909068,14.66546899999994,14.0,0.19587472727272773,8.27060300000002,0.019116666666666633,17.0,0.34607699999999897,0.008477727272727227,0.443473091860187,0.0,0.0,0.0,0.0,0.0,0.0,ns,ns,ns
GAB_ON,GAB,ON,False,False,transient,ns,Apo· Pro↑ Aut·,0.5970331818181791,15.602667499999926,14.0,0.24780209090909142,10.001942000000017,0.015707333333333268,17.0,0.2703989999999987,0.004417272727272692,0.28122359368910765,0.03423927272727234,0.05192736363636369,-0.3147647006305571,0.9371984999999867,0.0,-0.2679097878346191,ns,up,ns
GRB2_OFF,GRB2,OFF,False,True,transient,ns,Apo· Pro· Aut·,0.5627939090909068,14.66546899999994,14.0,0.19587472727272773,8.27060300000002,0.019116666666666633,17.0,0.34607699999999897,0.008477727272727227,0.443473091860187,0.0,0.0,0.0,0.0,0.0,0.0,ns,ns,ns
GRB2_ON,GRB2,ON,False,False,terminated,ns,Apo↑ Pro↑ Aut↓,0.9994866363636359,25.679695999999982,14.0,0.25594809090909093,9.792772500000009,0.013420333333333334,15.0,0.14478399999999936,0.0,0.0,0.4366927272727291,0.0600733636363632,-1.0630487676055669,11.014227000000043,0.0,-0.48028675666592185,up,up,down
GSK3A_OFF,GSK3A,OFF,False,False,transient,ns,Apo· Pro· Aut·,0.5511629090909064,15.00357999999994,13.0,0.21217690909090933,8.60581200000002,0.023518999999999967,16.0,0.3911294999999992,0.006895909090909081,0.2932058799655211,-0.011631000000000391,0.016302181818181605,0.15923267189109375,0.3381110000000014,-1.0,0.28550887008846015,ns,ns,ns
GSK3A_ON,GSK3A,ON,False,False,transient,ns,Apo· Pro· Aut·,0.563951454545452,15.077882999999932,14.0,0.20148845454545486,8.56225250000002,0.01746366666666663,19.0,0.37789949999999867,0.009906636363636338,0.567271269701076,0.0011575454545452724,0.0056137272727271315,0.11426742224419477,0.41241399999999295,0.0,-0.12370218658597822,ns,ns,ns
H2O2_OFF,H2O2,OFF,False,False,sustained,ns,Apo↓ Pro· Aut↑,0.0,0.0,,0.20469618181818222,8.457346000000017,0.03462066666666667,38.0,0.7431389999999988,0.030620999999999995,0.8844717028364559,-0.5627939090909068,0.008821454545454493,1.0203797851098544,-14.66546899999994,,0.8243232475193467,down,ns,up
H2O2_ON,H2O2,ON,False,False,transient,ns,Apo· Pro· Aut·,0.5601613636363608,15.990675499999933,12.0,0.20068545454545497,8.62413500000002,0.011062333333333299,23.0,0.27909099999999887,0.008099181818181792,0.7321404602568913,-0.0026325454545459426,0.004810727272727244,-0.2749206924863047,1.325206499999993,-2.0,-0.7378822616263728,ns,ns,ns
IKBKB_OFF,IKBKB,OFF,False,False,transient,ns,Apo· Pro· Aut·,0.5582028181818163,15.012670999999948,14.0,0.20553236363636407,8.874739500000018,0.014629666666666602,18.0,0.26967499999999883,0.006633454545454527,0.4534248589934532,-0.0045910909090904894,0.00965763636363634,-0.31813369105512934,0.3472020000000082,0.0,-0.36410425989821305,ns,ns,ns
IKBKB_ON,IKBKB,ON,False,False,transient,ns,Apo· Pro· Aut·,0.5562212727272701,14.567828999999941,14.0,0.19608890909090934,7.539113000000013,0.026279666666666635,15.0,0.4674534999999992,0.01119909090909088,0.42615041701788053,-0.006572636363636697,0.00021418181818161353,0.39438701812969595,-0.0976399999999984,0.0,0.43943474575672015,ns,ns,ns
IP3R_OFF,IP3R,OFF,False,True,transient,ns,Apo· Pro· Aut·,0.5627939090909068,14.66546899999994,14.0,0.19587472727272773,8.27060300000002,0.019116666666666633,17.0,0.34607699999999897,0.008477727272727227,0.443473091860187,0.0,0.0,0.0,0.0,0.0,0.0,ns,ns,ns
IP3R_ON,IP3R,ON,False,False,transient,ns,Apo· Pro· Aut·,0.5585506363636342,15.115297499999942,14.0,0.1977714545454548,8.510084500000021,0.021229333333333267,17.0,0.3962399999999983,0.010895818181818137,0.5132435395279255,-0.00424327272727254,0.0018967272727270779,0.1762334502794482,0.4498285000000024,0.0,0.1440734117487602,ns,ns,ns
IP3R_VDAC_OFF,IP3R_VDAC,OFF,False,True,transient,ns,Apo· Pro· Aut·,0.5627939090909068,14.66546899999994,14.0,0.19587472727272773,8.27060300000002,0.019116666666666633,17.0,0.34607699999999897,0.008477727272727227,0.443473091860187,0.0,0.0,0.0,0.0,0.0,0.0,ns,ns,ns
IP3R_VDAC_ON,IP3R_VDAC,ON,False,False,transient,ns,Apo· Pro· Aut·,0.562792363636361,15.39784249999993,13.0,0.21015327272727313,8.695243500000021,0.016400999999999968,16.0,0.34377049999999904,0.009285090909090873,0.56612955972751,-1.5454545457815883e-06,0.014278545454545405,-0.008644792814961041,0.7323734999999907,-1.0,-0.2092210530595209,ns,ns,ns
IRE1_OFF,IRE1,OFF,False,True,transient,ns,Apo· Pro· Aut·,0.5627939090909068,14.66546899999994,14.0,0.19587472727272773,8.27060300000002,0.019116666666666633,17.0,0.34607699999999897,0.008477727272727227,0.443473091860187,0.0,0.0,0.0,0.0,0.0,0.0,ns,ns,ns
IRE1_ON,IRE1,ON,False,False,terminated,ns,Apo↑ Pro· Aut·,0.9999091818181799,27.428759499999938,13.0,0.19664754545454563,8.637450000000014,0.014369999999999933,15.0,0.15357199999999901,0.00020427272727272726,0.014215221104573988,0.43711527272727313,0.0007728181818179025,-0.996018327009409,12.763290499999998,-1.0,-0.3882741052304603,up,ns,ns
IRS1_OFF,IRS1,OFF,False,True,transient,ns,Apo· Pro· Aut·,0.5627939090909068,14.66546899999994,14.0,0.19587472727272773,8.27060300000002,0.019116666666666633,17.0,0.34607699999999897,0.008477727272727227,0.443473091860187,0.0,0.0,0.0,0.0,0.0,0.0,ns,ns,ns
IRS1_ON,IRS1,ON,False,False,transient,ns,Apo· Pro↑ Aut·,0.597033181818179,15.602667499999932,14.0,0.24780209090909142,10.001942000000017,0.015707333333333268,17.0,0.270398999999999,0.004417272727272692,0.28122359368910765,0.03423927272727223,0.05192736363636369,-0.31476470063055595,0.937198499999992,0.0,-0.2679097878346191,ns,up,ns
JIP_OFF,JIP,OFF,False,True,transient,ns,Apo· Pro· Aut·,0.5627939090909068,14.66546899999994,14.0,0.19587472727272773,8.27060300000002,0.019116666666666633,17.0,0.34607699999999897,0.008477727272727227,0.443473091860187,0.0,0.0,0.0,0.0,0.0,0.0,ns,ns,ns
JIP_ON,JIP,ON,False,False,transient,ns,Apo· Pro· Aut·,0.5724714545454511,15.119377999999926,14.0,0.20092472727272775,8.306132500000022,0.020010666666666666,17.0,0.4282974999999988,0.0124903636363636,0.6241852830005797,0.009677545454544356,0.005050000000000027,0.2785367259587983,0.453908999999987,0.0,0.06273066906904588,ns,ns,ns
KEAP1_OFF,KEAP1,OFF,False,True,transient,ns,Apo· Pro· Aut·,0.5627939090909068,14.66546899999994,14.0,0.19587472727272773,8.27060300000002,0.019116666666666633,17.0,0.34607699999999897,0.008477727272727227,0.443473091860187,0.0,0.0,0.0,0.0,0.0,0.0,ns,ns,ns
KEAP1_ON,KEAP1,ON,False,False,terminated,ns,Apo↑ Pro· Aut↓,0.9999893636363617,27.46126749999992,13.0,0.1878622727272729,8.377479500000014,0.012875,14.0,0.1247409999999993,0.0,0.0,0.43719545454545494,-0.008012454545454822,-1.2286889590785017,12.79579849999998,-1.0,-0.5359034987963949,up,ns,down
Kinesin_1_OFF,Kinesin_1,OFF,False,True,transient,ns,Apo· Pro· Aut·,0.5627939090909068,14.66546899999994,14.0,0.19587472727272773,8.27060300000002,0.019116666666666633,17.0,0.34607699999999897,0.008477727272727227,0.443473091860187,0.0,0.0,0.0,0.0,0.0,0.0,ns,ns,ns
Kinesin_1_ON,Kinesin_1,ON,False,False,transient,ns,Apo· Pro· Aut·,0.5724714545454511,15.119377999999926,14.0,0.20092472727272775,8.306132500000022,0.020010666666666666,17.0,0.4282974999999988,0.0124903636363636,0.6241852830005797,0.009677545454544356,0.005050000000000027,0.2785367259587983,0.453908999999987,0.0,0.06273066906904588,ns,ns,ns
MAP1LC3A_II_OFF,MAP1LC3A_II,OFF,False,False,abolished,down,Apo· Pro· Aut↓,0.5602987272727249,14.620996999999937,14.0,0.20077390909090953,8.31923200000002,0.0,,0.0,0.0,,-0.0024951818181818686,0.0048991818181818025,-3.270816705177732,-0.04447200000000251,0.0,-4.330319365146501,ns,ns,down
MAP1LC3A_II_ON,MAP1LC3A_II,ON,False,False,transient,ns,Apo· Pro· Aut·,0.5669285454545432,15.04912799999994,14.0,0.20736172727272775,8.40492300000002,0.03024699999999997,16.0,0.6325354999999987,0.013832636363636318,0.45732258946792514,0.004134636363636424,0.011487000000000025,0.8007218125048517,0.38365899999999975,0.0,0.6353264141432955,ns,ns,ns
MAP2K1_OFF,MAP2K1,OFF,False,False,sustained,up,Apo↓ Pro· Aut↑,0.0,0.06869299999999962,,0.20701736363636378,8.642350000000011,0.04459499999999997,38.0,0.9155989999999988,0.03990690909090907,0.8948740686379437,-0.5627939090909068,0.01114263636363605,1.3075167337761675,-14.59677599999994,,1.1804843552118214,down,ns,up
MAP2K1_ON,MAP2K1,ON,False,False,terminated,ns,Apo↑ Pro· Aut·,0.999848363636363,26.780669999999965,13.0,0.20474527272727275,8.43018750000001,0.019648666666666634,14.0,0.20449999999999918,0.0,0.0,0.4370544545454562,0.00887054545454502,-0.659054145112866,12.115201000000026,-1.0,0.03765735615594307,up,ns,ns
MAP3K_OFF,MAP3K,OFF,False,False,sustained,ns,Apo↓ Pro· Aut↑,0.0,0.033220999999999605,,0.19964736363636393,8.437620500000012,0.035280000000000006,40.0,0.767811999999999,0.03138763636363635,0.8896722325293748,-0.5627939090909068,0.0037726363636362004,1.065130967060238,-14.63224799999994,,0.8507831856072975,down,ns,up
MAP3K_ON,MAP3K,ON,False,False,terminated,ns,Apo↑ Pro· Aut·,0.9998052727272725,27.241991499999973,13.0,0.19805700000000004,8.274227000000012,0.015554999999999966,15.0,0.1770659999999994,3.709090909090909e-05,0.002384500745156488,0.4370113636363657,0.002182272727272311,-0.8307548422957498,12.576522500000033,-1.0,-0.281124259524229,up,ns,ns
MAPK8_OFF,MAPK8,OFF,False,False,sustained,ns,Apo↓ Pro· Aut↑,0.0,0.0392509999999997,,0.19377772727272766,8.156472500000016,0.034722666666666666,36.0,0.8066844999999996,0.03174436363636363,0.9142259706348486,-0.5627939090909068,-0.002097000000000071,1.1329358680275419,-14.62621799999994,,0.8284485101769719,down,ns,up
MAPK8_ON,MAPK8,ON,False,False,terminated,ns,Apo↑ Pro· Aut·,0.9992812727272706,27.389614999999935,13.0,0.19384472727272753,8.403076000000013,0.013993666666666633,15.0,0.16059199999999926,0.0005642727272727092,0.0403234363597373,0.43648736363636387,-0.0020300000000001983,-0.9446245406836218,12.724145999999996,-1.0,-0.42403803607612733,up,ns,ns
MDM2_OFF,MDM2,OFF,False,False,transient,ns,Apo· Pro· Aut·,0.5636772727272702,14.841715999999934,14.0,0.1962217272727278,8.27053750000002,0.020696666666666634,17.0,0.372127999999999,0.010065545454545419,0.4863365495834483,0.0008833636363634323,0.0003470000000000695,0.0942038734417947,0.1762469999999947,0.0,0.10908214324651165,ns,ns,ns
MDM2_ON,MDM2,ON,False,False,transient,ns,Apo· Pro· Aut·,0.5736707272727243,15.169372499999934,13.0,0.20311627272727328,8.479760000000024,0.017553666666666568,16.0,0.36117749999999876,0.008905454545454501,0.5073273131228737,0.010876818181817516,0.007241545454545556,0.055352084521436806,0.5039034999999945,-1.0,-0.11668694276207241,ns,ns,ns
MOMP_OFF,MOMP,OFF,False,False,sustained,ns,Apo↓ Pro· Aut↑,0.0,0.0,,0.19227445454545491,8.15811350000002,0.03817966666666667,30.0,0.8737039999999994,0.036367999999999984,0.9525489134705205,-0.5627939090909068,-0.003600272727272813,1.242838260796718,-14.66546899999994,,0.9617138532168913,down,ns,up
MOMP_ON,MOMP,ON,False,False,abolished,down,Apo↑ Pro· Aut↓,0.9999958181818142,36.55255349999983,4.0,0.20271536363636367,8.86730650000001,0.00042766666666660007,,0.0025999999999998,0.0,,0.4372019090909074,0.006840636363635938,-3.1799632747266258,21.887084499999894,-10.0,-3.8166601886387688,up,ns,down
MON1A_OFF,MON1A,OFF,False,False,abolished,down,Apo· Pro· Aut↓,0.5656957272727247,14.660506499999935,14.0,0.19691136363636408,8.32717800000002,0.0,,0.0,0.0,,0.0029018181818178945,0.0010366363636363507,-3.270816705177732,-0.004962500000004866,0.0,-4.330319365146501,ns,ns,down
MON1A_ON,MON1A,ON,False,False,transient,ns,Apo· Pro· Aut·,0.572879090909089,15.10616599999994,14.0,0.1953446363636369,8.34356900000002,0.018668666666666636,21.0,0.41596499999999814,0.009869727272727235,0.5286787454590893,0.010085181818182187,-0.0005300909090908412,0.24003447667779707,0.4406970000000001,0.0,-0.03249210921546302,ns,ns,ns
MTOR_C2_OFF,MTOR_C2,OFF,False,False,transient,ns,Apo· Pro· Aut·,0.5560591818181796,14.875877499999948,14.0,0.19510981818181844,8.323820500000027,0.016248666666666568,22.0,0.36100749999999854,0.011129818181818137,0.6849680906218892,-0.00673472727272717,-0.0007649090909092882,0.054740609211818676,0.21040850000000866,0.0,-0.22190642533839516,ns,ns,ns
MTOR_C2_ON,MTOR_C2,ON,False,False,transient,ns,Apo· Pro· Aut·,0.5553109090909074,14.895981999999943,14.0,0.19965081818181843,8.40984750000002,0.0167423333333333,17.0,0.3686339999999992,0.011177727272727237,0.6676325844303219,-0.007482999999999351,0.0037760909090907013,0.08192063683188493,0.23051300000000374,0.0,-0.18119551614073703,ns,ns,ns
MTOR_OFF,MTOR,OFF,False,False,transient,ns,Apo↓ Pro↓ Aut·,0.4958160909090896,13.187415499999968,14.0,0.0,0.7075240000000016,0.031351333333333266,18.0,0.6079839999999989,0.014315727272727246,0.456622597849978,-0.06697781818181714,-0.19587472727272773,0.7470695802799662,-1.4780534999999713,0.0,0.685433902661815,down,down,ns
MTOR_ON,MTOR,ON,False,False,abolished,down,Apo↑ Pro↑ Aut↓,1.0,26.178717,14.0,1.0,38.000017,0.0,,0.0,0.0,,0.43720609090909324,0.8041252727272723,-3.270816705177732,11.51324800000006,0.0,-4.330319365146501,up,up,down
MYC_OFF,MYC,OFF,False,False,transient,ns,Apo· Pro· Aut·,0.5677198181818159,14.852347499999937,14.0,0.19568572727272776,8.150447500000016,0.017507333333333264,15.0,0.3207379999999993,0.008935727272727255,0.5103991054830713,0.004925909090909175,-0.00018899999999996697,-0.09793720622791523,0.18687849999999706,0.0,-0.12029423371771472,ns,ns,ns
MYC_ON,MYC,ON,False,False,transient,ns,Apo· Pro· Aut·,0.5558669090909073,14.980190999999941,14.0,0.2003690909090914,8.369917000000024,0.017420666666666598,21.0,0.38966949999999834,0.010240363636363582,0.5878284587097866,-0.006926999999999461,0.004494363636363685,0.15433876104895147,0.3147220000000015,0.0,-0.12706599497053503,ns,ns,ns
Mito_overcharge_OFF,Mito_overcharge,OFF,False,True,transient,ns,Apo· Pro· Aut·,0.5627939090909068,14.66546899999994,14.0,0.19587472727272773,8.27060300000002,0.019116666666666633,17.0,0.34607699999999897,0.008477727272727227,0.443473091860187,0.0,0.0,0.0,0.0,0.0,0.0,ns,ns,ns
Mito_overcharge_ON,Mito_overcharge,ON,False,False,transient,ns,Apo· Pro· Aut·,0.567382909090907,15.936830499999934,13.0,0.2007741818181822,8.569472500000023,0.01682466666666663,15.0,0.3469899999999983,0.009790909090909036,0.5819377753442797,0.004589000000000287,0.004899454545454485,0.0034076766560356274,1.271361499999994,-1.0,-0.17451617271163244,ns,ns,ns
NEDD4_OFF,NEDD4,OFF,False,False,transient,ns,Apo· Pro· Aut·,0.5716969090909063,15.080476999999933,14.0,0.1960198181818185,8.29585950000002,0.022263999999999996,15.0,0.39756799999999903,0.009011727272727237,0.40476676575310994,0.00890299999999955,0.0001450909090907615,0.18061862525926825,0.41500799999999316,0.0,0.20970790411100657,ns,ns,ns
NEDD4_ON,NEDD4,ON,False,False,transient,ns,Apo· Pro↑ Aut·,0.590381999999996,15.442802499999909,14.0,0.2953677272727269,10.516363000000007,0.011185666666666668,15.0,0.19888099999999884,0.003942818181818135,0.35248843893835574,0.027588090909089202,0.0994929999999992,-0.6925965003046607,0.777333499999969,0.0,-0.7232060885139339,ns,up,ns
NFE2L2_OFF,NFE2L2,OFF,False,True,transient,ns,Apo· Pro· Aut·,0.5627939090909068,14.66546899999994,14.0,0.19587472727272773,8.27060300000002,0.019116666666666633,17.0,0.34607699999999897,0.008477727272727227,0.443473091860187,0.0,0.0,0.0,0.0,0.0,0.0,ns,ns,ns
NFE2L2_ON,NFE2L2,ON,False,False,transient,ns,Apo· Pro· Aut·,0.5523514545454519,14.854655999999938,13.0,0.19183054545454584,8.188106000000015,0.016645666666666666,20.0,0.339965499999999,0.008100727272727235,0.486656823961826,-0.010442454545454893,-0.004044181818181891,-0.02302017920383167,0.18918699999999866,-1.0,-0.1890773329992516,ns,ns,ns
NFKBIA_OFF,NFKBIA,OFF,False,False,transient,ns,Apo· Pro· Aut·,0.5500663636363613,14.944420499999937,14.0,0.19644445454545487,8.343959000000018,0.018096999999999967,19.0,0.37827249999999824,0.009983454545454528,0.5516635102754349,-0.012727545454545464,0.0005697272727271385,0.11555453849765562,0.278951499999998,0.0,-0.07504525111121797,ns,ns,ns
NFKBIA_ON,NFKBIA,ON,False,False,transient,ns,Apo· Pro· Aut·,0.561545636363634,14.836684499999937,14.0,0.206427363636364,8.57671850000002,0.014105999999999933,18.0,0.33784399999999903,0.009595636363636327,0.6802521170875069,-0.0012482727272727923,0.010552636363636264,-0.031097896691116924,0.17121549999999708,0.0,-0.41326957826297317,ns,ns,ns
NFkappaB_OFF,NFkappaB,OFF,False,False,transient,ns,Apo· Pro· Aut·,0.5570075454545431,14.859539999999942,14.0,0.19881172727272756,8.438503000000019,0.017835333333333266,19.0,0.391471999999999,0.010661818181818163,0.5977919213818004,-0.005786363636363645,0.0029369999999998286,0.1603783297121633,0.19407100000000277,0.0,-0.09494970503374477,ns,ns,ns
NFkappaB_ON,NFkappaB,ON,False,False,transient,ns,Apo· Pro· Aut·,0.5614174545454518,15.061965999999943,14.0,0.20330836363636404,8.465135500000024,0.019721999999999965,17.0,0.3640579999999988,0.010385999999999953,0.5266200182537253,-0.001376454545454986,0.007433636363636309,0.06567378740570173,0.39649700000000365,0.0,0.0427719823229739,ns,ns,ns
NQO1_OFF,NQO1,OFF,False,True,transient,ns,Apo· Pro· Aut·,0.5627939090909068,14.66546899999994,14.0,0.19587472727272773,8.27060300000002,0.019116666666666633,17.0,0.34607699999999897,0.008477727272727227,0.443473091860187,0.0,0.0,0.0,0.0,0.0,0.0,ns,ns,ns
NQO1_ON,NQO1,ON,False,False,transient,down,Apo· Pro↓ Aut·,0.5638792727272699,15.434820999999936,14.0,0.00862845454545451,2.070108499999999,0.007745666666666667,16.0,0.16694549999999844,0.004500454545454499,0.5810286885726856,0.0010853636363631347,-0.1872462727272732,-0.8996377325763387,0.769351999999996,0.0,-1.201751002722275,ns,down,ns
PARK2_OFF,PARK2,OFF,False,False,transient,ns,Apo· Pro· Aut·,0.5700128181818154,14.901774499999938,14.0,0.20205181818181847,8.484345500000023,0.020172333333333296,16.0,0.3732349999999991,0.00958936363636361,0.4753720592410543,0.0072189090909086095,0.006177090909090743,0.09807384185063736,0.2363054999999985,0.0,0.0737890025312425,ns,ns,ns
PARK2_ON,PARK2,ON,False,False,transient,ns,Apo· Pro· Aut·,0.5446609999999975,14.756349499999947,14.0,0.19967600000000038,8.259134500000018,0.018834666666666666,17.0,0.35872099999999907,0.008708909090909047,0.4623872163515351,-0.018132909090909255,0.003801272727272653,0.04649098149585568,0.09088050000000791,0.0,-0.020367117917756073,ns,ns,ns
PDGFRA_OFF,PDGFRA,OFF,False,False,transient,ns,Apo· Pro· Aut·,0.5693158181818155,14.83400099999994,14.0,0.1984790000000005,7.698485000000015,0.0294723333333333,17.0,0.47351249999999884,0.009047999999999955,0.3069997851091973,0.006521909090908773,0.0026042727272727606,0.4115107849843919,0.1685320000000008,0.0,0.5991087043154198,ns,ns,ns
PDGFRA_ON,PDGFRA,ON,False,False,transient,ns,Apo· Pro· Aut·,0.5698129090909068,15.25378449999995,14.0,0.24382890909090965,10.069263000000014,0.0130646666666666,16.0,0.26357349999999863,0.006379818181818136,0.4883261352618897,0.0070189999999999975,0.047954181818181923,-0.3468427519718215,0.5883155000000109,0.0,-0.5163159091490546,ns,ns,ns
PI3P_OFF,PI3P,OFF,False,False,abolished,down,Apo· Pro· Aut↓,0.5716195454545442,14.757199499999945,14.0,0.19974827272727314,8.369119500000018,0.0,,0.0,0.0,,0.008825636363637424,0.0038735454545454073,-3.270816705177732,0.09173050000000593,0.0,-4.330319365146501,ns,ns,down
PI3P_ON,PI3P,ON,False,False,transient,up,Apo· Pro· Aut↑,0.5490514545454522,14.92436849999994,14.0,0.20066381818181867,8.584007500000023,0.06157066666666666,17.0,1.4449424999999991,0.03439281818181813,0.5585909661822426,-0.01374245454545453,0.004789090909090937,1.94344655261231,0.25889950000000006,0.0,1.6370952052272119,ns,ns,up
PIK3C3_OFF,PIK3C3,OFF,False,False,abolished,down,Apo· Pro· Aut↓,0.5656330909090881,14.720870499999931,14.0,0.201229454545455,8.29004700000002,0.0,,0.0,0.0,,0.0028391818181813244,0.005354727272727261,-3.270816705177732,0.055401499999991444,0.0,-4.330319365146501,ns,ns,down
PIK3C3_ON,PIK3C3,ON,False,False,sustained,up,Apo↓ Pro· Aut↑,0.32240336363636307,8.835232999999992,13.0,0.19714518181818222,8.441750500000019,1.0000103333333223,37.0,33.109264499999625,0.9999879999999887,0.9999776668974417,-0.2403905454545437,0.0012704545454544913,6.423944440350886,-5.830235999999948,-1.0,5.636921786568408,down,ns,up
PIK3CA_OFF,PIK3CA,OFF,False,False,transient,ns,Apo· Pro· Aut·,0.5591290909090884,14.52487849999994,14.0,0.20004290909090958,7.8550595000000145,0.027817999999999968,15.0,0.46362449999999866,0.009179999999999973,0.33000215687684176,-0.003664818181818408,0.004168181818181849,0.38345985777200126,-0.14059050000000006,0.0,0.5185789441499801,ns,ns,ns
PIK3CA_ON,PIK3CA,ON,False,False,abolished,down,Apo↑ Pro↑ Aut↓,0.6175949090909078,16.016148499999964,14.0,0.3870303636363634,14.033488499999983,0.0015186666666666335,,0.0089159999999998,0.0,,0.05480100000000099,0.19115563636363567,-2.9805102697528243,1.350679500000025,0.0,-2.997659164141393,up,up,down
PINK1_OFF,PINK1,OFF,False,False,transient,ns,Apo· Pro· Aut·,0.5624163636363609,14.877318999999938,14.0,0.20207872727272774,8.410605500000024,0.018751,16.0,0.3285509999999992,0.007346999999999964,0.3918191029811724,-0.00037754545454582455,0.006204000000000015,-0.06702433735799118,0.21184999999999832,0.0,-0.026465570968476168,ns,ns,ns
PINK1_ON,PINK1,ON,False,False,transient,ns,Apo· Pro· Aut·,0.5351160909090891,14.659229999999942,14.0,0.20978663636363687,8.652461500000022,0.019328333333333333,17.0,0.39302299999999885,0.009221727272727227,0.4771092837489296,-0.027677818181817693,0.013911909090909141,0.16555504538840413,-0.006238999999997219,0.0,0.015100666994284102,ns,ns,ns
PPP2R_OFF,PPP2R,OFF,False,True,transient,ns,Apo· Pro· Aut·,0.5627939090909068,14.66546899999994,14.0,0.19587472727272773,8.27060300000002,0.019116666666666633,17.0,0.34607699999999897,0.008477727272727227,0.443473091860187,0.0,0.0,0.0,0.0,0.0,0.0,ns,ns,ns
PPP2R_ON,PPP2R,ON,False,False,transient,ns,Apo· Pro· Aut·,0.5655753636363605,14.933230499999922,14.0,0.21175890909090975,8.115252000000021,0.022197333333333236,16.0,0.46702749999999843,0.010729272727272691,0.4833586343977988,0.0027814545454537543,0.01588418181818202,0.393175387505675,0.2677614999999829,0.0,0.20556769854649048,ns,ns,ns
PRKA_OFF,PRKA,OFF,False,False,abolished,down,Apo↓ Pro↑ Aut↓,0.0,0.0303269999999999,,1.0,34.760196,0.0,,0.0,0.0,,-0.5627939090909068,0.8041252727272723,-3.270816705177732,-14.63514199999994,,-4.330319365146501,down,up,down
PRKA_ON,PRKA,ON,False,False,terminated,up,Apo↑ Pro↓ Aut↑,0.9730853636363634,24.432406999999987,14.0,0.0,0.743504500000001,0.34915866666666656,16.0,4.193299000000002,0.025817454545454508,0.07394189808297617,0.4102914545454567,-0.19587472727272773,3.4548218751156172,9.766938000000048,0.0,4.121545620237555,up,down,up
PRKD1_OFF,PRKD1,OFF,False,False,sustained,up,Apo↓ Pro· Aut↑,0.0,0.0290959999999993,,0.19710063636363673,8.272403000000015,0.043885333333333304,31.0,0.8686084999999986,0.03782872727272723,0.8619902003568525,-0.5627939090909068,0.0012259090909089998,1.2347701915278886,-14.63637299999994,,1.1578528387625577,down,ns,up
PRKD1_ON,PRKD1,ON,False,False,terminated,ns,Apo↑ Pro· Aut↓,0.9997200909090893,27.32223649999994,13.0,0.20439990909090922,8.532243000000012,0.018344333333333268,13.0,0.14955499999999922,0.0,0.0,0.43692618181818255,0.008525181818181488,-1.0262720984926252,12.656767499999999,-1.0,-0.05648026043727995,up,ns,down
PTEN_OFF,PTEN,OFF,False,False,transient,ns,Apo· Pro↑ Aut·,0.592745272727268,15.505911999999888,14.0,0.3048490000000002,10.658721500000018,0.009236999999999966,17.0,0.18999899999999853,0.0024849090909090637,0.2690168984420345,0.029951363636361195,0.10897427272727248,-0.747261021721499,0.840442999999949,0.0,-0.9745982814098402,ns,up,ns
PTEN_ON,PTEN,ON,False,False,transient,ns,Apo· Pro· Aut·,0.5544680909090882,14.618609499999948,14.0,0.1953882727272731,7.684070000000015,0.0259136666666666,18.0,0.4645289999999985,0.008117909090909026,0.3132674814155612,-0.008325818181818545,-0.0004864545454546232,0.3860485866007186,-0.04685949999999117,0.0,0.4199476841327343,ns,ns,ns
RAB7A_OFF,RAB7A,OFF,False,False,abolished,down,Apo· Pro· Aut↓,0.5641330909090883,14.710611499999933,14.0,0.19971872727272763,8.317446000000023,0.0,,0.0,0.0,,0.0013391818181814896,0.003843999999999903,-3.270816705177732,0.045142499999993646,0.0,-4.330319365146501,ns,ns,down
RAB7A_ON,RAB7A,ON,False,False,transient,ns,Apo· Pro· Aut↑,0.5663909999999972,14.908746499999936,14.0,0.20128054545454602,8.300062000000024,0.03487399999999997,18.0,0.751862999999999,0.020611363636363608,0.591023789538442,0.003597090909090439,0.005405818181818289,1.0363622413311362,0.24327749999999604,0.0,0.8345473464727814,ns,ns,up
RAF_OFF,RAF,OFF,False,True,transient,ns,Apo· Pro· Aut·,0.5627939090909068,14.66546899999994,14.0,0.19587472727272773,8.27060300000002,0.019116666666666633,17.0,0.34607699999999897,0.008477727272727227,0.443473091860187,0.0,0.0,0.0,0.0,0.0,0.0,ns,ns,ns
RAF_ON,RAF,ON,False,False,terminated,ns,Apo↑ Pro· Aut·,0.9993914545454538,26.599380499999974,14.0,0.2069489090909091,8.683555000000009,0.013901666666666599,14.0,0.16039499999999923,1.618181818181818e-05,0.0011640200106810882,0.436597545454547,0.011074181818181372,-0.9460420975915576,11.933911500000034,0.0,-0.43291757331228264,up,ns,ns
RAS_OFF,RAS,OFF,False,True,transient,ns,Apo· Pro· Aut·,0.5627939090909068,14.66546899999994,14.0,0.19587472727272773,8.27060300000002,0.019116666666666633,17.0,0.34607699999999897,0.008477727272727227,0.443473091860187,0.0,0.0,0.0,0.0,0.0,0.0,ns,ns,ns
RAS_ON,RAS,ON,False,False,terminated,ns,Apo↑ Pro↑ Aut↓,0.9992630909090903,26.32047699999998,14.0,0.26451190909090916,10.332051500000004,0.012295666666666634,15.0,0.139155999999999,0.0002745454545454545,0.02232863511904914,0.4364691818181835,0.06863718181818143,-1.1076722495477878,11.65500800000004,0.0,-0.5974351521398692,up,up,down
RB1CC1_OFF,RB1CC1,OFF,False,False,abolished,down,Apo· Pro· Aut↓,0.5779958181818153,15.278707499999935,14.0,0.20260781818181847,8.61549350000002,0.0,,0.0,0.0,,0.015201909090908572,0.006733090909090744,-3.270816705177732,0.613238499999996,0.0,-4.330319365146501,ns,ns,down
RB1CC1_ON,RB1CC1,ON,False,False,transient,ns,Apo· Pro· Aut·,0.5582407272727241,14.772372499999928,14.0,0.20026681818181868,8.450892500000021,0.018119999999999966,20.0,0.3579794999999985,0.008025999999999945,0.4429359823399536,-0.00455318181818265,0.0043920909090909566,0.04380550889553719,0.10690349999998894,0.0,-0.07330874694047913,ns,ns,ns
RHEB_OFF,RHEB,OFF,False,False,transient,ns,Apo↓ Pro↓ Aut·,0.4993072727272713,13.289251999999973,14.0,0.0,0.730958000000001,0.028969000000000005,17.0,0.639345499999999,0.01792036363636359,0.6186048409114427,-0.06348663636363544,-0.19587472727272773,0.8152568734057875,-1.3762169999999667,0.0,0.57507967481656,down,down,ns
RHEB_ON,RHEB,ON,False,False,transient,ns,Apo↑ Pro↑ Aut·,0.6236835454545424,16.229138499999923,14.0,0.38069672727272647,14.159638499999968,0.011652666666666601,19.0,0.2085429999999986,0.0035761818181817636,0.306898147907356,0.060889636363635646,0.18482199999999874,-0.6353931387036728,1.5636694999999836,0.0,-0.6689497919536236,up,up,ns
RHOA_OFF,RHOA,OFF,False,False,transient,ns,Apo· Pro↑ Aut·,0.5795472727272688,15.17775749999992,14.0,0.2987455454545454,10.650642500000007,0.011437999999999999,13.0,0.22291799999999842,0.004249181818181764,0.3714969241284984,0.01675336363636204,0.10287081818181767,-0.5542756945733613,0.5122884999999808,0.0,-0.6936367479780169,ns,up,ns
RHOA_ON,RHOA,ON,False,False,transient,ns,Apo· Pro· Aut·,0.5575850909090879,14.86397899999994,14.0,0.19960100000000053,8.23289800000002,0.021443666666666666,17.0,0.4025684999999987,0.009249272727272691,0.43132888003945336,-0.005208818181818842,0.0037262727272728002,0.19701216007351766,0.19851000000000063,0.0,0.15791712091411755,ns,ns,ns
ROCK_OFF,ROCK,OFF,False,False,transient,ns,Apo· Pro↑ Aut·,0.5809688181818138,15.48796649999989,14.0,0.29336327272727264,10.662454000000007,0.010218666666666668,14.0,0.19491999999999862,0.0034095454545453913,0.3336585452647499,0.01817490909090702,0.09748854545454491,-0.7167190673424007,0.822497499999951,0.0,-0.8424900477609539,ns,up,ns
ROCK_ON,ROCK,ON,False,False,transient,ns,Apo· Pro· Aut·,0.5439119999999974,14.663117999999931,14.0,0.19805872727272755,7.9727630000000165,0.02190766666666667,18.0,0.4179654999999986,0.006749545454545419,0.308090567436609,-0.018881909090909366,0.002183999999999825,0.24635030931210217,-0.0023510000000079856,0.0,0.187439245569616,ns,ns,ns
ROMO1_OFF,ROMO1,OFF,False,False,sustained,ns,Apo↓ Pro· Aut↑,0.0,0.0,,0.1957018181818185,8.385311500000023,0.03532066666666663,39.0,0.7367664999999989,0.02943736363636361,0.8334317105102859,-0.5627939090909068,-0.00017290909090922346,1.0085923719728644,-14.66546899999994,,0.8523994133131624,down,ns,up
ROMO1_ON,ROMO1,ON,False,False,transient,ns,Apo· Pro· Aut·,0.5725587272727248,15.709232999999935,13.0,0.20315227272727301,8.540133000000019,0.0180053333333333,19.0,0.3666214999999985,0.009880909090909072,0.5487767934080138,0.009764818181818069,0.007277545454545287,0.07479788901261437,1.043763999999996,-1.0,-0.08198694150073976,ns,ns,ns
RPS6KB1_OFF,RPS6KB1,OFF,False,False,transient,ns,Apo· Pro· Aut·,0.5689781818181792,14.868606499999947,14.0,0.20329354545454575,8.540199500000016,0.018833666666666634,19.0,0.37423049999999886,0.009984636363636308,0.5301482998691878,0.0061842727272724,0.0074188181818180265,0.10154517354027505,0.20313750000000752,0.0,-0.020439855787992223,ns,ns,ns
RPS6KB1_ON,RPS6KB1,ON,False,False,transient,ns,Apo· Pro· Aut·,0.550708181818179,14.984593499999935,14.0,0.2036884545454549,8.339726500000017,0.02052966666666663,18.0,0.3504844999999988,0.0080413636363636,0.39169479791993445,-0.01208572727272772,0.007813727272727167,0.016376672476508338,0.3191244999999956,0.0,0.09793471287490996,ns,ns,ns
RPTOR_OFF,RPTOR,OFF,False,False,transient,ns,Apo↓ Pro↓ Aut·,0.504703727272726,13.133538499999972,14.0,0.0,0.6890650000000003,0.027622666666666632,18.0,0.6126719999999984,0.01686327272727268,0.6104867763409049,-0.05809018181818071,-0.19587472727272773,0.7574695379013742,-1.5319304999999677,0.0,0.5087668185614207,down,down,ns
RPTOR_ON,RPTOR,ON,False,False,transient,ns,Apo↑ Pro↑ Aut·,0.6299839090909067,16.93699149999994,14.0,0.2930693636363637,12.804467999999993,0.016438666666666633,18.0,0.27221949999999895,0.005659727272727246,0.34429357243453995,0.06718999999999997,0.09719463636363598,-0.3063279651117895,2.2715225000000014,0.0,-0.20610153214679341,up,up,ns
RRAGA_OFF,RRAGA,OFF,False,False,transient,ns,Apo↓ Pro↓ Aut·,0.4825062727272718,13.358519999999974,13.0,0.0,0.7704405000000023,0.027055,20.0,0.5917109999999988,0.016069818181818137,0.5939685153139211,-0.08028763636363495,-0.19587472727272773,0.7103760838327746,-1.3069489999999657,-1.0,0.47986664254885536,down,down,ns
RRAGA_ON,RRAGA,ON,False,False,transient,ns,Apo· Pro· Aut·,0.5653202727272703,15.112722499999933,14.0,0.19598200000000035,8.713610500000023,0.0152343333333333,20.0,0.347234499999999,0.010703090909090891,0.702563786343845,0.0025263636363634934,0.0001072727272726226,0.004318882512281679,0.4472534999999933,0.0,-0.30934312902546096,ns,ns,ns
SOS_OFF,SOS,OFF,False,True,transient,ns,Apo· Pro· Aut·,0.5627939090909068,14.66546899999994,14.0,0.19587472727272773,8.27060300000002,0.019116666666666633,17.0,0.34607699999999897,0.008477727272727227,0.443473091860187,0.0,0.0,0.0,0.0,0.0,0.0,ns,ns,ns
SOS_ON,SOS,ON,False,False,terminated,ns,Apo↑ Pro↑ Aut·,0.999020454545454,25.876631999999972,14.0,0.25148445454545454,9.90664250000001,0.01628766666666667,14.0,0.1814109999999994,0.00018663636363635454,0.011458753881445337,0.4362265454545472,0.05560972727272681,-0.8021617113360827,11.211163000000033,0.0,-0.21864811010451568,up,up,ns
SP1_OFF,SP1,OFF,False,False,sustained,ns,Apo↓ Pro· Aut↑,0.0,0.0,,0.20232663636363668,8.476915000000018,0.03342266666666663,23.0,0.7418094999999993,0.02810527272727271,0.8409045576038041,-0.5627939090909068,0.006451909090908953,1.0179285050603135,-14.66546899999994,,0.7749675946307223,down,ns,up
SP1_ON,SP1,ON,False,False,transient,ns,Apo· Pro· Aut·,0.5528827272727248,16.67317699999993,11.0,0.20119363636363677,8.407191500000021,0.013483333333333333,17.0,0.318324499999999,0.009482090909090881,0.7032453084616228,-0.009911181818181958,0.005318909090909041,-0.10762192085809827,2.007707999999992,-3.0,-0.4739975939406188,ns,ns,ns
SP1_sustained_OFF,SP1_sustained,OFF,False,False,transient,ns,Apo· Pro· Aut·,0.5678039090909063,14.917096499999937,14.0,0.20589100000000055,8.396461000000022,0.017093666666666667,22.0,0.3699849999999984,0.007610090909090844,0.44519944477043216,0.005009999999999515,0.010016272727272818,0.08668251694892008,0.2516274999999979,0.0,-0.1529064717093108,ns,ns,ns
SP1_sustained_ON,SP1_sustained,ON,False,False,transient,ns,Apo· Pro· Aut·,0.5795233636363615,15.147373499999937,14.0,0.20321309090909132,8.387441000000022,0.0163913333333333,15.0,0.344396999999999,0.007854999999999984,0.4792166592101517,0.016729454545454714,0.007338363636363587,-0.006291533549188477,0.48190449999999707,0.0,-0.21002272693906032,ns,ns,ns
STK11_OFF,STK11,OFF,False,True,transient,ns,Apo· Pro· Aut·,0.5627939090909068,14.66546899999994,14.0,0.19587472727272773,8.27060300000002,0.019116666666666633,17.0,0.34607699999999897,0.008477727272727227,0.443473091860187,0.0,0.0,0.0,0.0,0.0,0.0,ns,ns,ns
STK11_ON,STK11,ON,False,False,transient,ns,Apo· Pro· Aut·,0.5595841818181789,14.909607999999931,14.0,0.19118127272727314,8.289076500000023,0.021452333333333334,20.0,0.3814204999999989,0.009198454545454517,0.42878573638242223,-0.003209727272727836,-0.004693454545454584,0.1263718854713535,0.24413899999999167,0.0,0.1584741129479888,ns,ns,ns
TFEB_OFF,TFEB,OFF,False,False,transient,ns,Apo· Pro· Aut·,0.5666359090909071,15.06753849999995,14.0,0.20656781818181855,8.576461000000016,0.01726866666666663,16.0,0.3565184999999986,0.009734636363636327,0.563716733407502,0.003842000000000345,0.010693090909090819,0.03849956770854956,0.4020695000000103,0.0,-0.1390199271302254,ns,ns,ns
TFEB_ON,TFEB,ON,False,False,transient,ns,Apo· Pro· Aut·,0.5655135454545435,15.109239999999943,14.0,0.20091636363636411,8.480499500000017,0.017916333333333267,15.0,0.38974749999999864,0.01247427272727269,0.6962514313162702,0.0027196363636367016,0.005041636363636387,0.15460063674724184,0.44377100000000347,0.0,-0.08875880073977772,ns,ns,ns
TP53_cyto_OFF,TP53_cyto,OFF,False,True,transient,ns,Apo· Pro· Aut·,0.5627939090909068,14.66546899999994,14.0,0.19587472727272773,8.27060300000002,0.019116666666666633,17.0,0.34607699999999897,0.008477727272727227,0.443473091860187,0.0,0.0,0.0,0.0,0.0,0.0,ns,ns,ns
TP53_cyto_ON,TP53_cyto,ON,False,False,abolished,down,Apo· Pro· Aut↓,0.5728122727272706,15.064560499999942,14.0,0.20338545454545487,8.482184500000017,0.0,,0.0,0.0,,0.01001836363636388,0.007510727272727141,-3.270816705177732,0.3990915000000026,0.0,-4.330319365146501,ns,ns,down
TP53_nuc_OFF,TP53_nuc,OFF,False,True,transient,ns,Apo· Pro· Aut·,0.5627939090909068,14.66546899999994,14.0,0.19587472727272773,8.27060300000002,0.019116666666666633,17.0,0.34607699999999897,0.008477727272727227,0.443473091860187,0.0,0.0,0.0,0.0,0.0,0.0,ns,ns,ns
TP53_nuc_ON,TP53_nuc,ON,False,False,transient,down,Apo· Pro↓ Aut↓,0.5633017272727243,15.778072499999933,13.0,0.0,0.5016339999999997,0.005127666666666566,24.0,0.10549999999999866,0.002796545454545409,0.5453836289174018,0.0005078181818175542,-0.19587472727272773,-1.4078694571568242,1.1126034999999934,-1.0,-1.7149815455968886,ns,down,down
TRAF6_OFF,TRAF6,OFF,False,False,abolished,down,Apo· Pro· Aut↓,0.5664796363636336,15.195183999999943,14.0,0.20367572727272754,9.007722500000016,0.0,,0.0,0.0,,0.0036857272727268686,0.007800999999999808,-3.270816705177732,0.529715000000003,0.0,-4.330319365146501,ns,ns,down
TRAF6_ON,TRAF6,ON,False,False,transient,up,Apo· Pro· Aut↑,0.5639724545454515,14.764365499999938,14.0,0.208335454545455,7.910033000000018,0.0549206666666667,16.0,1.0237224999999985,0.019503999999999945,0.3551304305604435,0.001178545454544766,0.012460727272727262,1.462161319562085,0.09889649999999861,0.0,1.4749902898633822,ns,ns,up
TSC2_OFF,TSC2,OFF,False,False,transient,ns,Apo↑ Pro↑ Aut·,0.6293143636363615,16.196682499999945,14.0,0.3940051818181811,14.033602499999976,0.0103016666666666,13.0,0.21312999999999882,0.0062198181818181545,0.6037681457840021,0.06652045454545474,0.1981304545454534,-0.609010110007387,1.5312135000000051,0.0,-0.8318557264302017,up,up,ns
TSC2_ON,TSC2,ON,False,False,transient,ns,Apo↓ Pro↓ Aut·,0.483909636363636,13.031874499999985,13.0,0.0,0.7114935000000016,0.028793666666666634,16.0,0.6012239999999984,0.01561418181818177,0.5422783419333576,-0.07888427272727078,-0.19587472727272773,0.7319398140058924,-1.6335944999999548,-1.0,0.5666144148017475,down,down,ns
Tubulin_OFF,Tubulin,OFF,False,True,transient,ns,Apo· Pro· Aut·,0.5627939090909068,14.66546899999994,14.0,0.19587472727272773,8.27060300000002,0.019116666666666633,17.0,0.34607699999999897,0.008477727272727227,0.443473091860187,0.0,0.0,0.0,0.0,0.0,0.0,ns,ns,ns
Tubulin_ON,Tubulin,ON,False,False,terminated,ns,Apo↑ Pro· Aut·,0.9999989999999979,27.28087199999994,13.0,0.2010181818181821,8.770285000000012,0.01930733333333327,15.0,0.1664509999999993,0.0,0.0,0.4372050909090911,0.005143454545454368,-0.9030892036845104,12.615402999999999,-1.0,0.013609533660389446,up,ns,ns
ULK1_OFF,ULK1,OFF,False,False,abolished,down,Apo↑ Pro↓ Aut↓,1.0,26.107632,14.0,0.0,0.9943255000000006,0.0,,0.0,0.0,,0.43720609090909324,-0.19587472727272773,-3.270816705177732,11.44216300000006,0.0,-4.330319365146501,up,down,down
ULK1_ON,ULK1,ON,False,False,terminated,ns,Apo↓ Pro↑ Aut↓,0.0,0.0344369999999997,,1.0,34.62277449999999,0.016679,11.0,0.1316309999999997,0.0,0.0,-0.5627939090909068,0.8041252727272723,-1.1695784542650367,-14.631031999999939,,-0.18635459823582448,down,up,down
UVRAG_OFF,UVRAG,OFF,False,False,abolished,down,Apo· Pro· Aut↓,0.5638523636363613,14.704266999999938,14.0,0.19414681818181867,8.328605500000021,0.0,,0.0,0.0,,0.0010584545454545013,-0.0017279090909090578,-3.270816705177732,0.03879799999999811,0.0,-4.330319365146501,ns,ns,down
UVRAG_ON,UVRAG,ON,False,False,transient,ns,Apo· Pro· Aut↑,0.5630158181818158,15.027173999999931,14.0,0.19567336363636392,8.307689000000021,0.03236966666666663,18.0,0.7790499999999989,0.02106254545454541,0.6506877463843341,0.00022190909090902267,-0.00020136363636380494,1.0850629155078026,0.3617049999999917,0.0,0.730146005090915,ns,ns,up
Ulk_C_OFF,Ulk_C,OFF,False,False,abolished,down,Apo· Pro· Aut↓,0.5590447272727254,14.864249499999948,14.0,0.2046335454545457,8.46251500000002,0.0,,0.0,0.0,,-0.003749181818181402,0.008758818181817979,-3.270816705177732,0.1987805000000087,0.0,-4.330319365146501,ns,ns,down
Ulk_C_ON,Ulk_C,ON,False,False,transient,up,Apo· Pro· Aut↑,0.5656846363636338,14.964151499999929,14.0,0.2053174545454551,8.423993500000025,0.04429633333333336,17.0,0.9803434999999993,0.02443990909090905,0.5517366168210093,0.0028907272727269895,0.00944272727272738,1.4020944037748877,0.2986824999999893,0.0,1.1710030008531105,ns,ns,up
WIPI_1_OFF,WIPI_1,OFF,False,False,abolished,down,Apo· Pro· Aut↓,0.5593426363636341,14.613001499999939,14.0,0.19623181818181853,8.36995750000002,0.0,,0.0,0.0,,-0.0034512727272726362,0.000357090909090807,-3.270816705177732,-0.052467500000000555,0.0,-4.330319365146501,ns,ns,down
WIPI_1_ON,WIPI_1,ON,False,False,transient,ns,Apo· Pro· Aut·,0.5623980909090887,15.040067999999938,14.0,0.20187118181818223,8.37636050000002,0.021464666666666663,19.0,0.46775349999999905,0.011851999999999953,0.5521632450228261,-0.00039581818181810835,0.005996454545454499,0.3952396689188743,0.37459899999999813,0.0,0.15926638488444048,ns,ns,ns
YWHAB_OFF,YWHAB,OFF,False,False,transient,ns,Apo· Pro· Aut·,0.5690440909090883,15.023719499999933,14.0,0.1971025454545459,8.421615500000021,0.023454666666666665,16.0,0.405597499999999,0.00825009090909088,0.3517462442054551,0.006250181818181488,0.0012278181818181633,0.20685252824995945,0.35825049999999337,0.0,0.2817185296598917,ns,ns,ns
YWHAB_ON,YWHAB,ON,False,False,abolished,down,Apo· Pro· Aut↓,0.5728139999999985,15.236561999999953,14.0,0.20444418181818225,8.58001750000002,0.0,,0.0,0.0,,0.010020090909091728,0.008569454545454519,-3.270816705177732,0.5710930000000136,0.0,-4.330319365146501,ns,ns,down
mRNA_ATF4_OFF,mRNA_ATF4,OFF,False,True,transient,ns,Apo· Pro· Aut·,0.5627939090909068,14.66546899999994,14.0,0.19587472727272773,8.27060300000002,0.019116666666666633,17.0,0.34607699999999897,0.008477727272727227,0.443473091860187,0.0,0.0,0.0,0.0,0.0,0.0,ns,ns,ns
mRNA_ATF4_ON,mRNA_ATF4,ON,False,False,abolished,down,Apo↑ Pro· Aut↓,0.9999940909090888,29.487274499999913,11.0,0.20700536363636377,8.557971500000015,0.0031339999999999333,,0.0230769999999995,0.0,,0.437200181818182,0.011130636363636037,-2.613702659317629,14.821805499999973,-3.0,-2.2827809763831635,up,ns,down
mRNA_BBC3_OFF,mRNA_BBC3,OFF,False,False,sustained,ns,Apo↓ Pro· Aut↑,0.0,0.0,,0.1950101818181821,8.373160500000019,0.032477333333333296,23.0,0.7685139999999988,0.027716363636363598,0.8534063850592299,-0.5627939090909068,-0.0008645454545456177,1.0663841449245848,-14.66546899999994,,0.7347933430533352,down,ns,up
mRNA_BBC3_ON,mRNA_BBC3,ON,False,False,transient,ns,Apo· Pro· Aut·,0.5637374545454522,17.123902999999935,11.0,0.20454972727272774,8.675489500000017,0.0163333333333333,25.0,0.33794249999999837,0.009601272727272674,0.5878330241187363,0.0009435454545454469,0.008675000000000016,-0.030721850116241255,2.458433999999995,-3.0,-0.21484214772656723,ns,ns,ns
mRNA_BCL2L11_OFF,mRNA_BCL2L11,OFF,False,True,transient,ns,Apo· Pro· Aut·,0.5627939090909068,14.66546899999994,14.0,0.19587472727272773,8.27060300000002,0.019116666666666633,17.0,0.34607699999999897,0.008477727272727227,0.443473091860187,0.0,0.0,0.0,0.0,0.0,0.0,ns,ns,ns
mRNA_BCL2L11_ON,mRNA_BCL2L11,ON,False,False,transient,down,Apo· Pro· Aut↓,0.5632025454545428,16.314951499999943,13.0,0.20128654545454577,8.644227500000019,0.006964999999999934,17.0,0.14335249999999847,0.005002181818181773,0.7181883443189979,0.00040863636363608347,0.0054118181818180455,-1.074268673049021,1.649482500000003,-1.0,-1.3366450033959274,ns,ns,down
mRNA_BCL2_OFF,mRNA_BCL2,OFF,False,False,terminated,ns,Apo↑ Pro· Aut↓,0.9999089090909062,27.452403499999896,13.0,0.20330390909090934,8.523935000000012,0.015210999999999933,14.0,0.134591999999999,0.0,0.0,0.4371149999999995,0.007429181818181613,-1.1449011557030178,12.786934499999957,-1.0,-0.3114181818378312,up,ns,down
mRNA_BCL2_ON,mRNA_BCL2,ON,False,False,transient,ns,Apo· Pro· Aut·,0.5746123636363607,15.09377749999992,14.0,0.20020236363636432,8.257947500000023,0.0181406666666666,19.0,0.35353399999999807,0.010931636363636298,0.6026038934789059,0.011818454545453938,0.004327636363636589,0.027599674774994493,0.42830849999998044,0.0,-0.07175019069935766,ns,ns,ns
mRNA_CHOP_OFF,mRNA_CHOP,OFF,False,True,transient,ns,Apo· Pro· Aut·,0.5627939090909068,14.66546899999994,14.0,0.19587472727272773,8.27060300000002,0.019116666666666633,17.0,0.34607699999999897,0.008477727272727227,0.443473091860187,0.0,0.0,0.0,0.0,0.0,0.0,ns,ns,ns
mRNA_CHOP_ON,mRNA_CHOP,ON,False,False,abolished,down,Apo↑ Pro· Aut↓,0.9999879090909066,31.64645549999989,9.0,0.1951126363636365,8.47024700000001,0.0007916666666666666,,0.0030770000000000003,0.0,,0.43719399999999986,-0.0007620909090912398,-3.163898925022376,16.98098649999995,-5.0,-3.4890171111655586,up,ns,down
mRNA_ROMO1_OFF,mRNA_ROMO1,OFF,False,False,sustained,ns,Apo↓ Pro· Aut↑,0.0,0.0,,0.20459272727272762,8.568249000000023,0.031470999999999937,29.0,0.7352159999999991,0.029448999999999982,0.9357503733596022,-0.5627939090909068,0.008717999999999893,1.0057097371427584,-14.66546899999994,,0.6907605453111344,down,ns,up
mRNA_ROMO1_ON,mRNA_ROMO1,ON,False,False,transient,ns,Apo· Pro· Aut·,0.5593028181818153,15.083012999999932,13.0,0.20370181818181846,8.50577000000002,0.021265333333333334,18.0,0.38440249999999865,0.00827045454545451,0.3889172304903682,-0.0034910909090914988,0.007827090909090728,0.13654454437648597,0.41754399999999237,-1.0,0.1464079402078311,ns,ns,ns
mRNA_SP1_OFF,mRNA_SP1,OFF,False,False,sustained,ns,Apo↓ Pro· Aut↑,0.0,0.0,,0.20347590909090957,8.379682500000019,0.035405,33.0,0.7531274999999991,0.03253236363636361,0.9188635400752326,-0.5627939090909068,0.00760118181818184,1.0386641961583036,-14.66546899999994,,0.8557453389510647,down,ns,up
mRNA_SP1_ON,mRNA_SP1,ON,False,False,transient,ns,Apo· Pro· Aut·,0.5650804545454515,16.298928999999927,12.0,0.21137609090909149,8.65918950000002,0.0171873333333333,16.0,0.34297299999999853,0.0085534545454545,0.4976603629875402,0.002286545454544764,0.015501363636363757,-0.01164592607533197,1.633459999999987,-2.0,-0.14545724287190737,ns,ns,ns
p21_OFF,p21,OFF,False,True,transient,ns,Apo· Pro· Aut·,0.5627939090909068,14.66546899999994,14.0,0.19587472727272773,8.27060300000002,0.019116666666666633,17.0,0.34607699999999897,0.008477727272727227,0.443473091860187,0.0,0.0,0.0,0.0,0.0,0.0,ns,ns,ns
p21_ON,p21,ON,False,False,transient,ns,Apo· Pro↓ Aut·,0.5508339999999975,14.727286999999945,14.0,0.0,0.26961,0.016115999999999967,19.0,0.33797649999999835,0.00958499999999997,0.5947505584512279,-0.011959909090909271,-0.19587472727272773,-0.03059206999053134,0.061818000000005924,0.0,-0.2330456861851012,ns,down,ns
pRB_OFF,pRB,OFF,False,True,transient,ns,Apo· Pro· Aut·,0.5627939090909068,14.66546899999994,14.0,0.19587472727272773,8.27060300000002,0.019116666666666633,17.0,0.34607699999999897,0.008477727272727227,0.443473091860187,0.0,0.0,0.0,0.0,0.0,0.0,ns,ns,ns
pRB_ON,pRB,ON,False,False,transient,ns,Apo· Pro↓ Aut·,0.5540795454545425,14.735739999999936,14.0,0.0,0.0,0.019654333333333333,16.0,0.4135644999999985,0.0119362727272727,0.6073099771351204,-0.008714363636364242,-0.19587472727272773,0.23241911623712852,0.07027099999999642,0.0,0.03805322434710168,ns,down,ns
